<com.site.blog.my.core.controller.common.CommonController: void defaultKaptcha(javax.servlet.http.HttpServletRequest,javax.servlet.http.HttpServletResponse)>
<com.site.blog.my.core.controller.admin.UploadController: com.site.blog.my.core.util.Result upload(javax.servlet.http.HttpServletRequest,org.springframework.web.multipart.MultipartFile)>
<com.site.blog.my.core.controller.admin.BlogController: void uploadFileByEditormd(javax.servlet.http.HttpServletRequest,javax.servlet.http.HttpServletResponse,org.springframework.web.multipart.MultipartFile)>
<com.site.blog.my.core.interceptor.AdminLoginInterceptor: boolean preHandle(javax.servlet.http.HttpServletRequest,javax.servlet.http.HttpServletResponse,java.lang.Object)>
<com.site.blog.my.core.interceptor.AdminLoginInterceptor: void postHandle(javax.servlet.http.HttpServletRequest,javax.servlet.http.HttpServletResponse,java.lang.Object,org.springframework.web.servlet.ModelAndView)>
<com.site.blog.my.core.interceptor.AdminLoginInterceptor: void afterCompletion(javax.servlet.http.HttpServletRequest,javax.servlet.http.HttpServletResponse,java.lang.Object,java.lang.Exception)>
<com.site.blog.my.core.controller.admin.ConfigurationController: java.lang.String list(javax.servlet.http.HttpServletRequest)>
<com.site.blog.my.core.controller.admin.ConfigurationController: com.site.blog.my.core.util.Result website(java.lang.String,java.lang.String,java.lang.String,java.lang.String)>
<com.site.blog.my.core.controller.admin.ConfigurationController: com.site.blog.my.core.util.Result userInfo(java.lang.String,java.lang.String,java.lang.String)>
<com.site.blog.my.core.controller.admin.ConfigurationController: com.site.blog.my.core.util.Result footer(java.lang.String,java.lang.String,java.lang.String,java.lang.String,java.lang.String)>
<com.site.blog.my.core.controller.common.ErrorPageController: org.springframework.web.servlet.ModelAndView errorHtml(javax.servlet.http.HttpServletRequest)>
<com.site.blog.my.core.controller.common.ErrorPageController: org.springframework.http.ResponseEntity error(javax.servlet.http.HttpServletRequest)>
<com.site.blog.my.core.controller.admin.BlogController: com.site.blog.my.core.util.Result list(java.util.Map)>
<com.site.blog.my.core.controller.admin.BlogController: java.lang.String list(javax.servlet.http.HttpServletRequest)>
<com.site.blog.my.core.controller.admin.BlogController: java.lang.String edit(javax.servlet.http.HttpServletRequest)>
<com.site.blog.my.core.controller.admin.BlogController: java.lang.String edit(javax.servlet.http.HttpServletRequest,java.lang.Long)>
<com.site.blog.my.core.controller.admin.BlogController: com.site.blog.my.core.util.Result save(java.lang.String,java.lang.String,java.lang.Integer,java.lang.String,java.lang.String,java.lang.String,java.lang.Byte,java.lang.Byte)>
<com.site.blog.my.core.controller.admin.BlogController: com.site.blog.my.core.util.Result update(java.lang.Long,java.lang.String,java.lang.String,java.lang.Integer,java.lang.String,java.lang.String,java.lang.String,java.lang.Byte,java.lang.Byte)>
<com.site.blog.my.core.controller.admin.BlogController: com.site.blog.my.core.util.Result delete(java.lang.Integer[])>
<com.site.blog.my.core.controller.admin.AdminController: java.lang.String login()>
<com.site.blog.my.core.controller.admin.AdminController: java.lang.String index(javax.servlet.http.HttpServletRequest)>
<com.site.blog.my.core.controller.admin.AdminController: java.lang.String login(java.lang.String,java.lang.String,java.lang.String,javax.servlet.http.HttpSession)>
<com.site.blog.my.core.controller.admin.AdminController: java.lang.String profile(javax.servlet.http.HttpServletRequest)>
<com.site.blog.my.core.controller.admin.AdminController: java.lang.String passwordUpdate(javax.servlet.http.HttpServletRequest,java.lang.String,java.lang.String)>
<com.site.blog.my.core.controller.admin.AdminController: java.lang.String nameUpdate(javax.servlet.http.HttpServletRequest,java.lang.String,java.lang.String)>
<com.site.blog.my.core.controller.admin.AdminController: java.lang.String logout(javax.servlet.http.HttpServletRequest)>
<com.site.blog.my.core.service.impl.BlogServiceImpl: java.lang.String saveBlog(com.site.blog.my.core.entity.Blog)>
<com.site.blog.my.core.service.impl.BlogServiceImpl: java.lang.String updateBlog(com.site.blog.my.core.entity.Blog)>
<com.site.blog.my.core.controller.admin.TagController: java.lang.String tagPage(javax.servlet.http.HttpServletRequest)>
<com.site.blog.my.core.controller.admin.TagController: com.site.blog.my.core.util.Result list(java.util.Map)>
<com.site.blog.my.core.controller.admin.TagController: com.site.blog.my.core.util.Result save(java.lang.String)>
<com.site.blog.my.core.controller.admin.TagController: com.site.blog.my.core.util.Result delete(java.lang.Integer[])>
<com.site.blog.my.core.controller.admin.LinkController: java.lang.String linkPage(javax.servlet.http.HttpServletRequest)>
<com.site.blog.my.core.controller.admin.LinkController: com.site.blog.my.core.util.Result list(java.util.Map)>
<com.site.blog.my.core.controller.admin.LinkController: com.site.blog.my.core.util.Result save(java.lang.Integer,java.lang.String,java.lang.String,java.lang.Integer,java.lang.String)>
<com.site.blog.my.core.controller.admin.LinkController: com.site.blog.my.core.util.Result info(java.lang.Integer)>
<com.site.blog.my.core.service.impl.CategoryServiceImpl: java.lang.Boolean updateCategory(java.lang.Integer,java.lang.String,java.lang.String)>
<com.site.blog.my.core.controller.admin.LinkController: com.site.blog.my.core.util.Result update(java.lang.Integer,java.lang.Integer,java.lang.String,java.lang.String,java.lang.Integer,java.lang.String)>
<com.site.blog.my.core.service.impl.CategoryServiceImpl: java.lang.Boolean deleteBatch(java.lang.Integer[])>
<com.site.blog.my.core.controller.admin.LinkController: com.site.blog.my.core.util.Result delete(java.lang.Integer[])>
<com.site.blog.my.core.controller.blog.MyBlogController: java.lang.String index(javax.servlet.http.HttpServletRequest)>
<com.site.blog.my.core.controller.blog.MyBlogController: java.lang.String page(javax.servlet.http.HttpServletRequest,int)>
<com.site.blog.my.core.controller.blog.MyBlogController: java.lang.String categories(javax.servlet.http.HttpServletRequest)>
<com.site.blog.my.core.controller.blog.MyBlogController: java.lang.String detail(javax.servlet.http.HttpServletRequest,java.lang.Long,java.lang.Integer)>
<com.site.blog.my.core.controller.blog.MyBlogController: java.lang.String tag(javax.servlet.http.HttpServletRequest,java.lang.String)>
<com.site.blog.my.core.controller.blog.MyBlogController: java.lang.String tag(javax.servlet.http.HttpServletRequest,java.lang.String,java.lang.Integer)>
<com.site.blog.my.core.controller.blog.MyBlogController: java.lang.String category(javax.servlet.http.HttpServletRequest,java.lang.String)>
<com.site.blog.my.core.controller.blog.MyBlogController: java.lang.String category(javax.servlet.http.HttpServletRequest,java.lang.String,java.lang.Integer)>
<com.site.blog.my.core.controller.blog.MyBlogController: java.lang.String search(javax.servlet.http.HttpServletRequest,java.lang.String)>
<com.site.blog.my.core.controller.blog.MyBlogController: java.lang.String search(javax.servlet.http.HttpServletRequest,java.lang.String,java.lang.Integer)>
<com.site.blog.my.core.controller.blog.MyBlogController: java.lang.String link(javax.servlet.http.HttpServletRequest)>
<com.site.blog.my.core.controller.blog.MyBlogController: com.site.blog.my.core.util.Result comment(javax.servlet.http.HttpServletRequest,javax.servlet.http.HttpSession,java.lang.Long,java.lang.String,java.lang.String,java.lang.String,java.lang.String,java.lang.String)>
<com.site.blog.my.core.controller.blog.MyBlogController: java.lang.String detail(javax.servlet.http.HttpServletRequest,java.lang.String)>
<com.site.blog.my.core.controller.admin.CommentController: com.site.blog.my.core.util.Result list(java.util.Map)>
<com.site.blog.my.core.controller.admin.CommentController: com.site.blog.my.core.util.Result checkDone(java.lang.Integer[])>
<com.site.blog.my.core.controller.admin.CommentController: com.site.blog.my.core.util.Result checkDone(java.lang.Long,java.lang.String)>
<com.site.blog.my.core.controller.admin.CommentController: com.site.blog.my.core.util.Result delete(java.lang.Integer[])>
<com.site.blog.my.core.controller.admin.CommentController: java.lang.String list(javax.servlet.http.HttpServletRequest)>
<com.site.blog.my.core.controller.admin.CategoryController: java.lang.String categoryPage(javax.servlet.http.HttpServletRequest)>
<com.site.blog.my.core.controller.admin.CategoryController: com.site.blog.my.core.util.Result list(java.util.Map)>
<com.site.blog.my.core.controller.admin.CategoryController: com.site.blog.my.core.util.Result save(java.lang.String,java.lang.String)>
<com.site.blog.my.core.controller.admin.CategoryController: com.site.blog.my.core.util.Result update(java.lang.Integer,java.lang.String,java.lang.String)>
<com.site.blog.my.core.controller.admin.CategoryController: com.site.blog.my.core.util.Result delete(java.lang.Integer[])>
<com.site.blog.my.core.controller.common.KaptchaConfig: com.google.code.kaptcha.impl.DefaultKaptcha getDefaultKaptcha()>
<com.site.blog.my.core.util.MD5Util: java.lang.String byteArrayToHexString(byte[])>
<com.site.blog.my.core.util.MD5Util: java.lang.String byteToHexString(byte)>
<com.site.blog.my.core.util.MD5Util: java.lang.String MD5Encode(java.lang.String,java.lang.String)>
<com.site.blog.my.core.controller.admin.BlogController$$InterceptorProxy: com.site.blog.my.core.util.Result list(java.util.Map,javax.servlet.http.HttpSession,javax.servlet.http.HttpServletRequest,javax.servlet.http.HttpServletResponse)>
<com.site.blog.my.core.controller.admin.BlogController$$InterceptorProxy: java.lang.String list(javax.servlet.http.HttpServletRequest,javax.servlet.http.HttpSession,javax.servlet.http.HttpServletResponse)>
<com.site.blog.my.core.controller.admin.BlogController$$InterceptorProxy: java.lang.String edit(javax.servlet.http.HttpServletRequest,javax.servlet.http.HttpSession,javax.servlet.http.HttpServletResponse)>
<com.site.blog.my.core.controller.admin.BlogController$$InterceptorProxy: java.lang.String edit(javax.servlet.http.HttpServletRequest,java.lang.Long,javax.servlet.http.HttpSession,javax.servlet.http.HttpServletResponse)>
<com.site.blog.my.core.controller.admin.BlogController$$InterceptorProxy: com.site.blog.my.core.util.Result save(java.lang.String,java.lang.String,java.lang.Integer,java.lang.String,java.lang.String,java.lang.String,java.lang.Byte,java.lang.Byte,javax.servlet.http.HttpSession,javax.servlet.http.HttpServletRequest,javax.servlet.http.HttpServletResponse)>
<com.site.blog.my.core.controller.admin.BlogController$$InterceptorProxy: com.site.blog.my.core.util.Result update(java.lang.Long,java.lang.String,java.lang.String,java.lang.Integer,java.lang.String,java.lang.String,java.lang.String,java.lang.Byte,java.lang.Byte,javax.servlet.http.HttpSession,javax.servlet.http.HttpServletRequest,javax.servlet.http.HttpServletResponse)>
<com.site.blog.my.core.controller.admin.BlogController$$InterceptorProxy: void uploadFileByEditormd(javax.servlet.http.HttpServletRequest,javax.servlet.http.HttpServletResponse,org.springframework.web.multipart.MultipartFile,javax.servlet.http.HttpSession)>
<com.site.blog.my.core.controller.admin.BlogController$$InterceptorProxy: com.site.blog.my.core.util.Result delete(java.lang.Integer[],javax.servlet.http.HttpSession,javax.servlet.http.HttpServletRequest,javax.servlet.http.HttpServletResponse)>
<com.site.blog.my.core.entity.BlogTagRelation: void setBlogId(java.lang.Long)>
<com.site.blog.my.core.entity.BlogTagRelation: void setTagId(java.lang.Integer)>
<com.site.blog.my.core.service.impl.LinkServiceImpl: com.site.blog.my.core.util.PageResult getBlogLinkPage(com.site.blog.my.core.util.PageQueryUtil)>
<com.site.blog.my.core.service.impl.LinkServiceImpl: java.lang.Boolean saveLink(com.site.blog.my.core.entity.BlogLink)>
<com.site.blog.my.core.service.impl.LinkServiceImpl: com.site.blog.my.core.entity.BlogLink selectById(java.lang.Integer)>
<com.site.blog.my.core.service.impl.LinkServiceImpl: java.lang.Boolean updateLink(com.site.blog.my.core.entity.BlogLink)>
<com.site.blog.my.core.service.impl.LinkServiceImpl: java.lang.Boolean deleteBatch(java.lang.Integer[])>
<com.site.blog.my.core.controller.vo.BlogListVO: void setBlogCategoryId(java.lang.Integer)>
<com.site.blog.my.core.controller.vo.BlogListVO: void setBlogCategoryName(java.lang.String)>
<com.site.blog.my.core.controller.vo.BlogListVO: void setBlogCategoryIcon(java.lang.String)>
<com.site.blog.my.core.controller.admin.UploadController$$InterceptorProxy: com.site.blog.my.core.util.Result upload(javax.servlet.http.HttpServletRequest,org.springframework.web.multipart.MultipartFile,javax.servlet.http.HttpSession,javax.servlet.http.HttpServletResponse)>
<com.site.blog.my.core.entity.BlogComment: void setCommentId(java.lang.Long)>
<com.site.blog.my.core.entity.BlogComment: void setBlogId(java.lang.Long)>
<com.site.blog.my.core.entity.BlogComment: void setCommentator(java.lang.String)>
<com.site.blog.my.core.entity.BlogComment: void setEmail(java.lang.String)>
<com.site.blog.my.core.entity.BlogComment: void setWebsiteUrl(java.lang.String)>
<com.site.blog.my.core.entity.BlogComment: void setCommentBody(java.lang.String)>
<com.site.blog.my.core.entity.BlogComment: void setCommentCreateTime(java.util.Date)>
<com.site.blog.my.core.entity.BlogComment: void setCommentatorIp(java.lang.String)>
<com.site.blog.my.core.entity.BlogComment: void setReplyBody(java.lang.String)>
<com.site.blog.my.core.entity.BlogComment: void setReplyCreateTime(java.util.Date)>
<com.site.blog.my.core.entity.BlogComment: void setCommentStatus(java.lang.Byte)>
<com.site.blog.my.core.entity.BlogComment: void setIsDeleted(java.lang.Byte)>
<com.site.blog.my.core.entity.BlogLink: void setLinkId(java.lang.Integer)>
<com.site.blog.my.core.entity.BlogLink: void setLinkType(java.lang.Byte)>
<com.site.blog.my.core.entity.BlogLink: void setLinkName(java.lang.String)>
<com.site.blog.my.core.entity.BlogLink: void setLinkUrl(java.lang.String)>
<com.site.blog.my.core.entity.BlogLink: void setLinkDescription(java.lang.String)>
<com.site.blog.my.core.entity.BlogLink: void setLinkRank(java.lang.Integer)>
<com.site.blog.my.core.entity.BlogLink: void setIsDeleted(java.lang.Byte)>
<com.site.blog.my.core.entity.BlogLink: void setCreateTime(java.util.Date)>
<com.site.blog.my.core.util.MyBlogUtils: java.net.URI getHost(java.net.URI)>
<com.site.blog.my.core.util.MyBlogUtils: java.lang.String cleanString(java.lang.String)>
<com.site.blog.my.core.controller.admin.ConfigurationController$$InterceptorProxy: java.lang.String list(javax.servlet.http.HttpServletRequest,javax.servlet.http.HttpSession,javax.servlet.http.HttpServletResponse)>
<com.site.blog.my.core.controller.admin.ConfigurationController$$InterceptorProxy: com.site.blog.my.core.util.Result website(java.lang.String,java.lang.String,java.lang.String,java.lang.String,javax.servlet.http.HttpSession,javax.servlet.http.HttpServletRequest,javax.servlet.http.HttpServletResponse)>
<com.site.blog.my.core.controller.admin.ConfigurationController$$InterceptorProxy: com.site.blog.my.core.util.Result userInfo(java.lang.String,java.lang.String,java.lang.String,javax.servlet.http.HttpSession,javax.servlet.http.HttpServletRequest,javax.servlet.http.HttpServletResponse)>
<com.site.blog.my.core.controller.admin.ConfigurationController$$InterceptorProxy: com.site.blog.my.core.util.Result footer(java.lang.String,java.lang.String,java.lang.String,java.lang.String,java.lang.String,javax.servlet.http.HttpSession,javax.servlet.http.HttpServletRequest,javax.servlet.http.HttpServletResponse)>
<com.site.blog.my.core.util.PatternUtil: java.lang.Boolean validKeyword(java.lang.String)>
<com.site.blog.my.core.util.PatternUtil: boolean isEmail(java.lang.String)>
<com.site.blog.my.core.util.PatternUtil: boolean isURL(java.lang.String)>
<com.site.blog.my.core.controller.blog.MyBlogController$$InterceptorProxy: java.lang.String index(javax.servlet.http.HttpServletRequest,javax.servlet.http.HttpSession,javax.servlet.http.HttpServletResponse)>
<com.site.blog.my.core.controller.blog.MyBlogController$$InterceptorProxy: java.lang.String page(javax.servlet.http.HttpServletRequest,int,javax.servlet.http.HttpSession,javax.servlet.http.HttpServletResponse)>
<com.site.blog.my.core.controller.blog.MyBlogController$$InterceptorProxy: java.lang.String categories(javax.servlet.http.HttpServletRequest,javax.servlet.http.HttpSession,javax.servlet.http.HttpServletResponse)>
<com.site.blog.my.core.controller.blog.MyBlogController$$InterceptorProxy: java.lang.String detail(javax.servlet.http.HttpServletRequest,java.lang.Long,java.lang.Integer,javax.servlet.http.HttpSession,javax.servlet.http.HttpServletResponse)>
<com.site.blog.my.core.controller.blog.MyBlogController$$InterceptorProxy: java.lang.String tag(javax.servlet.http.HttpServletRequest,java.lang.String,javax.servlet.http.HttpSession,javax.servlet.http.HttpServletResponse)>
<com.site.blog.my.core.controller.blog.MyBlogController$$InterceptorProxy: java.lang.String tag(javax.servlet.http.HttpServletRequest,java.lang.String,java.lang.Integer,javax.servlet.http.HttpSession,javax.servlet.http.HttpServletResponse)>
<com.site.blog.my.core.controller.blog.MyBlogController$$InterceptorProxy: java.lang.String category(javax.servlet.http.HttpServletRequest,java.lang.String,javax.servlet.http.HttpSession,javax.servlet.http.HttpServletResponse)>
<com.site.blog.my.core.controller.blog.MyBlogController$$InterceptorProxy: java.lang.String category(javax.servlet.http.HttpServletRequest,java.lang.String,java.lang.Integer,javax.servlet.http.HttpSession,javax.servlet.http.HttpServletResponse)>
<com.site.blog.my.core.controller.blog.MyBlogController$$InterceptorProxy: java.lang.String search(javax.servlet.http.HttpServletRequest,java.lang.String,javax.servlet.http.HttpSession,javax.servlet.http.HttpServletResponse)>
<com.site.blog.my.core.controller.blog.MyBlogController$$InterceptorProxy: java.lang.String search(javax.servlet.http.HttpServletRequest,java.lang.String,java.lang.Integer,javax.servlet.http.HttpSession,javax.servlet.http.HttpServletResponse)>
<com.site.blog.my.core.controller.blog.MyBlogController$$InterceptorProxy: java.lang.String link(javax.servlet.http.HttpServletRequest,javax.servlet.http.HttpSession,javax.servlet.http.HttpServletResponse)>
<com.site.blog.my.core.controller.blog.MyBlogController$$InterceptorProxy: com.site.blog.my.core.util.Result comment(javax.servlet.http.HttpServletRequest,javax.servlet.http.HttpSession,java.lang.Long,java.lang.String,java.lang.String,java.lang.String,java.lang.String,java.lang.String,javax.servlet.http.HttpServletResponse)>
<com.site.blog.my.core.controller.blog.MyBlogController$$InterceptorProxy: java.lang.String detail(javax.servlet.http.HttpServletRequest,java.lang.String,javax.servlet.http.HttpSession,javax.servlet.http.HttpServletResponse)>
<com.site.blog.my.core.controller.admin.AdminController$$InterceptorProxy: java.lang.String login(javax.servlet.http.HttpSession,javax.servlet.http.HttpServletRequest,javax.servlet.http.HttpServletResponse)>
<com.site.blog.my.core.controller.admin.AdminController$$InterceptorProxy: java.lang.String index(javax.servlet.http.HttpServletRequest,javax.servlet.http.HttpSession,javax.servlet.http.HttpServletResponse)>
<com.site.blog.my.core.controller.admin.AdminController$$InterceptorProxy: java.lang.String login(java.lang.String,java.lang.String,java.lang.String,javax.servlet.http.HttpSession,javax.servlet.http.HttpServletRequest,javax.servlet.http.HttpServletResponse)>
<com.site.blog.my.core.controller.admin.AdminController$$InterceptorProxy: java.lang.String profile(javax.servlet.http.HttpServletRequest,javax.servlet.http.HttpSession,javax.servlet.http.HttpServletResponse)>
<com.site.blog.my.core.controller.admin.AdminController$$InterceptorProxy: java.lang.String passwordUpdate(javax.servlet.http.HttpServletRequest,java.lang.String,java.lang.String,javax.servlet.http.HttpSession,javax.servlet.http.HttpServletResponse)>
<com.site.blog.my.core.controller.admin.AdminController$$InterceptorProxy: java.lang.String nameUpdate(javax.servlet.http.HttpServletRequest,java.lang.String,java.lang.String,javax.servlet.http.HttpSession,javax.servlet.http.HttpServletResponse)>
<com.site.blog.my.core.controller.admin.AdminController$$InterceptorProxy: java.lang.String logout(javax.servlet.http.HttpServletRequest,javax.servlet.http.HttpSession,javax.servlet.http.HttpServletResponse)>
<com.site.blog.my.core.controller.common.CommonController$$InterceptorProxy: void defaultKaptcha(javax.servlet.http.HttpServletRequest,javax.servlet.http.HttpServletResponse,javax.servlet.http.HttpSession)>
<com.site.blog.my.core.util.Result: void setResultCode(int)>
<com.site.blog.my.core.util.Result: void setMessage(java.lang.String)>
<com.site.blog.my.core.util.Result: void setData(java.lang.Object)>
<com.site.blog.my.core.entity.BlogTag: void setTagId(java.lang.Integer)>
<com.site.blog.my.core.entity.BlogTag: void setTagName(java.lang.String)>
<com.site.blog.my.core.entity.BlogTag: void setIsDeleted(java.lang.Byte)>
<com.site.blog.my.core.entity.BlogTag: void setCreateTime(java.util.Date)>
<com.site.blog.my.core.service.impl.ConfigServiceImpl: int updateConfig(java.lang.String,java.lang.String)>
<com.site.blog.my.core.controller.common.ErrorPageController: void <init>(org.springframework.boot.web.servlet.error.ErrorAttributes)>
<com.site.blog.my.core.controller.common.ErrorPageController: boolean getTraceParameter(javax.servlet.http.HttpServletRequest)>
<com.site.blog.my.core.controller.common.ErrorPageController: java.util.Map getErrorAttributes(javax.servlet.http.HttpServletRequest,boolean)>
<com.site.blog.my.core.controller.common.ErrorPageController: org.springframework.http.HttpStatus getStatus(javax.servlet.http.HttpServletRequest)>
<com.site.blog.my.core.config.MyBlogWebMvcConfigurer: void addInterceptors(org.springframework.web.servlet.config.annotation.InterceptorRegistry)>
<com.site.blog.my.core.config.MyBlogWebMvcConfigurer: void addResourceHandlers(org.springframework.web.servlet.config.annotation.ResourceHandlerRegistry)>
<com.site.blog.my.core.config.MyBlogWebMvcConfigurer: void configureViewResolvers(org.springframework.web.servlet.config.annotation.ViewResolverRegistry)>
<com.site.blog.my.core.config.MyBlogWebMvcConfigurer: void configurePathMatch(org.springframework.web.servlet.config.annotation.PathMatchConfigurer)>
<com.site.blog.my.core.config.MyBlogWebMvcConfigurer: void addReturnValueHandlers(java.util.List)>
<com.site.blog.my.core.config.MyBlogWebMvcConfigurer: void extendHandlerExceptionResolvers(java.util.List)>
<com.site.blog.my.core.config.MyBlogWebMvcConfigurer: void addFormatters(org.springframework.format.FormatterRegistry)>
<com.site.blog.my.core.config.MyBlogWebMvcConfigurer: void addCorsMappings(org.springframework.web.servlet.config.annotation.CorsRegistry)>
<com.site.blog.my.core.config.MyBlogWebMvcConfigurer: void configureAsyncSupport(org.springframework.web.servlet.config.annotation.AsyncSupportConfigurer)>
<com.site.blog.my.core.config.MyBlogWebMvcConfigurer: void addArgumentResolvers(java.util.List)>
<com.site.blog.my.core.config.MyBlogWebMvcConfigurer: void extendMessageConverters(java.util.List)>
<com.site.blog.my.core.config.MyBlogWebMvcConfigurer: void configureDefaultServletHandling(org.springframework.web.servlet.config.annotation.DefaultServletHandlerConfigurer)>
<com.site.blog.my.core.config.MyBlogWebMvcConfigurer: void configureContentNegotiation(org.springframework.web.servlet.config.annotation.ContentNegotiationConfigurer)>
<com.site.blog.my.core.config.MyBlogWebMvcConfigurer: void addViewControllers(org.springframework.web.servlet.config.annotation.ViewControllerRegistry)>
<com.site.blog.my.core.config.MyBlogWebMvcConfigurer: void configureMessageConverters(java.util.List)>
<com.site.blog.my.core.config.MyBlogWebMvcConfigurer: void configureHandlerExceptionResolvers(java.util.List)>
<com.site.blog.my.core.util.MarkDownUtil: java.lang.String mdToHtml(java.lang.String)>
<com.site.blog.my.core.controller.admin.CommentController$$InterceptorProxy: com.site.blog.my.core.util.Result list(java.util.Map,javax.servlet.http.HttpSession,javax.servlet.http.HttpServletRequest,javax.servlet.http.HttpServletResponse)>
<com.site.blog.my.core.controller.admin.CommentController$$InterceptorProxy: com.site.blog.my.core.util.Result checkDone(java.lang.Integer[],javax.servlet.http.HttpSession,javax.servlet.http.HttpServletRequest,javax.servlet.http.HttpServletResponse)>
<com.site.blog.my.core.controller.admin.CommentController$$InterceptorProxy: com.site.blog.my.core.util.Result checkDone(java.lang.Long,java.lang.String,javax.servlet.http.HttpSession,javax.servlet.http.HttpServletRequest,javax.servlet.http.HttpServletResponse)>
<com.site.blog.my.core.controller.admin.CommentController$$InterceptorProxy: com.site.blog.my.core.util.Result delete(java.lang.Integer[],javax.servlet.http.HttpSession,javax.servlet.http.HttpServletRequest,javax.servlet.http.HttpServletResponse)>
<com.site.blog.my.core.controller.admin.CommentController$$InterceptorProxy: java.lang.String list(javax.servlet.http.HttpServletRequest,javax.servlet.http.HttpSession,javax.servlet.http.HttpServletResponse)>
<com.site.blog.my.core.controller.admin.CategoryController$$InterceptorProxy: java.lang.String categoryPage(javax.servlet.http.HttpServletRequest,javax.servlet.http.HttpSession,javax.servlet.http.HttpServletResponse)>
<com.site.blog.my.core.controller.admin.CategoryController$$InterceptorProxy: com.site.blog.my.core.util.Result list(java.util.Map,javax.servlet.http.HttpSession,javax.servlet.http.HttpServletRequest,javax.servlet.http.HttpServletResponse)>
<com.site.blog.my.core.controller.admin.CategoryController$$InterceptorProxy: com.site.blog.my.core.util.Result save(java.lang.String,java.lang.String,javax.servlet.http.HttpSession,javax.servlet.http.HttpServletRequest,javax.servlet.http.HttpServletResponse)>
<com.site.blog.my.core.controller.admin.CategoryController$$InterceptorProxy: com.site.blog.my.core.util.Result update(java.lang.Integer,java.lang.String,java.lang.String,javax.servlet.http.HttpSession,javax.servlet.http.HttpServletRequest,javax.servlet.http.HttpServletResponse)>
<com.site.blog.my.core.controller.admin.CategoryController$$InterceptorProxy: com.site.blog.my.core.util.Result delete(java.lang.Integer[],javax.servlet.http.HttpSession,javax.servlet.http.HttpServletRequest,javax.servlet.http.HttpServletResponse)>
<com.site.blog.my.core.controller.admin.LinkController$$InterceptorProxy: java.lang.String linkPage(javax.servlet.http.HttpServletRequest,javax.servlet.http.HttpSession,javax.servlet.http.HttpServletResponse)>
<com.site.blog.my.core.controller.admin.LinkController$$InterceptorProxy: com.site.blog.my.core.util.Result list(java.util.Map,javax.servlet.http.HttpSession,javax.servlet.http.HttpServletRequest,javax.servlet.http.HttpServletResponse)>
<com.site.blog.my.core.controller.admin.LinkController$$InterceptorProxy: com.site.blog.my.core.util.Result save(java.lang.Integer,java.lang.String,java.lang.String,java.lang.Integer,java.lang.String,javax.servlet.http.HttpSession,javax.servlet.http.HttpServletRequest,javax.servlet.http.HttpServletResponse)>
<com.site.blog.my.core.controller.admin.LinkController$$InterceptorProxy: com.site.blog.my.core.util.Result info(java.lang.Integer,javax.servlet.http.HttpSession,javax.servlet.http.HttpServletRequest,javax.servlet.http.HttpServletResponse)>
<com.site.blog.my.core.controller.admin.LinkController$$InterceptorProxy: com.site.blog.my.core.util.Result update(java.lang.Integer,java.lang.Integer,java.lang.String,java.lang.String,java.lang.Integer,java.lang.String,javax.servlet.http.HttpSession,javax.servlet.http.HttpServletRequest,javax.servlet.http.HttpServletResponse)>
<com.site.blog.my.core.controller.admin.LinkController$$InterceptorProxy: com.site.blog.my.core.util.Result delete(java.lang.Integer[],javax.servlet.http.HttpSession,javax.servlet.http.HttpServletRequest,javax.servlet.http.HttpServletResponse)>
<com.site.blog.my.core.service.impl.BlogServiceImpl: com.site.blog.my.core.util.PageResult getBlogsPage(com.site.blog.my.core.util.PageQueryUtil)>
<com.site.blog.my.core.service.impl.BlogServiceImpl: java.lang.Boolean deleteBatch(java.lang.Integer[])>
<com.site.blog.my.core.service.impl.BlogServiceImpl: com.site.blog.my.core.entity.Blog getBlogById(java.lang.Long)>
<com.site.blog.my.core.service.impl.BlogServiceImpl: com.site.blog.my.core.util.PageResult getBlogsForIndexPage(int)>
<com.site.blog.my.core.service.impl.BlogServiceImpl: java.util.List getBlogListForIndexPage(int)>
<com.site.blog.my.core.service.impl.BlogServiceImpl: com.site.blog.my.core.controller.vo.BlogDetailVO getBlogDetail(java.lang.Long)>
<com.site.blog.my.core.service.impl.BlogServiceImpl: com.site.blog.my.core.util.PageResult getBlogsPageByTag(java.lang.String,int)>
<com.site.blog.my.core.service.impl.BlogServiceImpl: com.site.blog.my.core.util.PageResult getBlogsPageByCategory(java.lang.String,int)>
<com.site.blog.my.core.service.impl.BlogServiceImpl: com.site.blog.my.core.util.PageResult getBlogsPageBySearch(java.lang.String,int)>
<com.site.blog.my.core.service.impl.BlogServiceImpl: com.site.blog.my.core.controller.vo.BlogDetailVO getBlogDetailBySubUrl(java.lang.String)>
<com.site.blog.my.core.service.impl.BlogServiceImpl: com.site.blog.my.core.controller.vo.BlogDetailVO getBlogDetailVO(com.site.blog.my.core.entity.Blog)>
<com.site.blog.my.core.service.impl.BlogServiceImpl: java.util.List getBlogListVOsByBlogs(java.util.List)>
<com.site.blog.my.core.service.impl.BlogServiceImpl: java.lang.String lambda$getBlogListVOsByBlogs$0(java.lang.String,java.lang.String)>
<com.site.blog.my.core.service.impl.CategoryServiceImpl: com.site.blog.my.core.util.PageResult getBlogCategoryPage(com.site.blog.my.core.util.PageQueryUtil)>
<com.site.blog.my.core.service.impl.CategoryServiceImpl: java.lang.Boolean saveCategory(java.lang.String,java.lang.String)>
<com.site.blog.my.core.controller.admin.TagController$$InterceptorProxy: java.lang.String tagPage(javax.servlet.http.HttpServletRequest,javax.servlet.http.HttpSession,javax.servlet.http.HttpServletResponse)>
<com.site.blog.my.core.controller.admin.TagController$$InterceptorProxy: com.site.blog.my.core.util.Result list(java.util.Map,javax.servlet.http.HttpSession,javax.servlet.http.HttpServletRequest,javax.servlet.http.HttpServletResponse)>
<com.site.blog.my.core.controller.admin.TagController$$InterceptorProxy: com.site.blog.my.core.util.Result save(java.lang.String,javax.servlet.http.HttpSession,javax.servlet.http.HttpServletRequest,javax.servlet.http.HttpServletResponse)>
<com.site.blog.my.core.controller.admin.TagController$$InterceptorProxy: com.site.blog.my.core.util.Result delete(java.lang.Integer[],javax.servlet.http.HttpSession,javax.servlet.http.HttpServletRequest,javax.servlet.http.HttpServletResponse)>
<com.site.blog.my.core.entity.BlogConfig: void setConfigName(java.lang.String)>
<com.site.blog.my.core.entity.BlogConfig: void setConfigValue(java.lang.String)>
<com.site.blog.my.core.entity.BlogConfig: void setCreateTime(java.util.Date)>
<com.site.blog.my.core.entity.BlogConfig: void setUpdateTime(java.util.Date)>
<com.site.blog.my.core.controller.vo.BlogDetailVO: void setBlogCategoryIcon(java.lang.String)>
<com.site.blog.my.core.controller.vo.BlogDetailVO: void setBlogTags(java.util.List)>
<com.site.blog.my.core.controller.vo.BlogDetailVO: void setBlogContent(java.lang.String)>
<com.site.blog.my.core.controller.vo.BlogDetailVO: void setCommentCount(java.lang.Integer)>
<com.site.blog.my.core.entity.AdminUser: void setAdminUserId(java.lang.Integer)>
<com.site.blog.my.core.entity.AdminUser: void setLoginUserName(java.lang.String)>
<com.site.blog.my.core.entity.AdminUser: void setLoginPassword(java.lang.String)>
<com.site.blog.my.core.entity.AdminUser: void setNickName(java.lang.String)>
<com.site.blog.my.core.entity.AdminUser: void setLocked(java.lang.Byte)>
<com.site.blog.my.core.MyBlogApplication: void main(java.lang.String[])>
<com.site.blog.my.core.service.impl.CommentServiceImpl: java.lang.Boolean addComment(com.site.blog.my.core.entity.BlogComment)>
<com.site.blog.my.core.service.impl.CommentServiceImpl: com.site.blog.my.core.util.PageResult getCommentsPage(com.site.blog.my.core.util.PageQueryUtil)>
<com.site.blog.my.core.service.impl.CommentServiceImpl: java.lang.Boolean checkDone(java.lang.Integer[])>
<com.site.blog.my.core.service.impl.CommentServiceImpl: java.lang.Boolean deleteBatch(java.lang.Integer[])>
<com.site.blog.my.core.service.impl.CommentServiceImpl: java.lang.Boolean reply(java.lang.Long,java.lang.String)>
<com.site.blog.my.core.service.impl.CommentServiceImpl: com.site.blog.my.core.util.PageResult getCommentPageByBlogIdAndPageNum(java.lang.Long,int)>
<com.site.blog.my.core.util.PageQueryUtil: void <init>(java.util.Map)>
<com.site.blog.my.core.service.impl.AdminUserServiceImpl: com.site.blog.my.core.entity.AdminUser login(java.lang.String,java.lang.String)>
<com.site.blog.my.core.service.impl.AdminUserServiceImpl: com.site.blog.my.core.entity.AdminUser getUserDetailById(java.lang.Integer)>
<com.site.blog.my.core.service.impl.AdminUserServiceImpl: java.lang.Boolean updatePassword(java.lang.Integer,java.lang.String,java.lang.String)>
<com.site.blog.my.core.service.impl.AdminUserServiceImpl: java.lang.Boolean updateName(java.lang.Integer,java.lang.String,java.lang.String)>
<com.site.blog.my.core.util.PageResult: void <init>(java.util.List,int,int,int)>
<com.site.blog.my.core.service.impl.TagServiceImpl: com.site.blog.my.core.util.PageResult getBlogTagPage(com.site.blog.my.core.util.PageQueryUtil)>
<com.site.blog.my.core.service.impl.TagServiceImpl: java.lang.Boolean saveTag(java.lang.String)>
<com.site.blog.my.core.service.impl.TagServiceImpl: java.lang.Boolean deleteBatch(java.lang.Integer[])>
<com.site.blog.my.core.entity.BlogCategory: void setCategoryId(java.lang.Integer)>
<com.site.blog.my.core.entity.BlogCategory: void setCategoryName(java.lang.String)>
<com.site.blog.my.core.entity.BlogCategory: void setCategoryIcon(java.lang.String)>
<com.site.blog.my.core.entity.BlogCategory: void setCategoryRank(java.lang.Integer)>
<com.site.blog.my.core.entity.BlogCategory: void setIsDeleted(java.lang.Byte)>
<com.site.blog.my.core.entity.BlogCategory: void setCreateTime(java.util.Date)>
<com.site.blog.my.core.controller.common.ErrorPageController$$InterceptorProxy: org.springframework.web.servlet.ModelAndView errorHtml(javax.servlet.http.HttpServletRequest,javax.servlet.http.HttpSession,javax.servlet.http.HttpServletResponse)>
<com.site.blog.my.core.controller.common.ErrorPageController$$InterceptorProxy: org.springframework.http.ResponseEntity error(javax.servlet.http.HttpServletRequest,javax.servlet.http.HttpSession,javax.servlet.http.HttpServletResponse)>
<com.site.blog.my.core.controller.common.ErrorPageController$$InterceptorProxy: java.lang.String getErrorPath(javax.servlet.http.HttpSession,javax.servlet.http.HttpServletRequest,javax.servlet.http.HttpServletResponse)>
<com.site.blog.my.core.controller.common.ErrorPageController$$InterceptorProxy: java.util.Map getErrorAttributes(javax.servlet.http.HttpServletRequest,boolean,javax.servlet.http.HttpSession,javax.servlet.http.HttpServletResponse)>
<com.site.blog.my.core.util.ResultGenerator: com.site.blog.my.core.util.Result genSuccessResult(java.lang.String)>
<com.site.blog.my.core.util.ResultGenerator: com.site.blog.my.core.util.Result genSuccessResult(java.lang.Object)>
<com.site.blog.my.core.util.ResultGenerator: com.site.blog.my.core.util.Result genFailResult(java.lang.String)>
<com.site.blog.my.core.entity.Blog: void setBlogId(java.lang.Long)>
<com.site.blog.my.core.entity.Blog: void setBlogTitle(java.lang.String)>
<com.site.blog.my.core.entity.Blog: void setBlogSubUrl(java.lang.String)>
<com.site.blog.my.core.entity.Blog: void setBlogCoverImage(java.lang.String)>
<com.site.blog.my.core.entity.Blog: void setBlogCategoryId(java.lang.Integer)>
<com.site.blog.my.core.entity.Blog: void setBlogCategoryName(java.lang.String)>
<com.site.blog.my.core.entity.Blog: void setBlogTags(java.lang.String)>
<com.site.blog.my.core.entity.Blog: void setBlogStatus(java.lang.Byte)>
<com.site.blog.my.core.entity.Blog: void setBlogViews(java.lang.Long)>
<com.site.blog.my.core.entity.Blog: void setEnableComment(java.lang.Byte)>
<com.site.blog.my.core.entity.Blog: void setIsDeleted(java.lang.Byte)>
<com.site.blog.my.core.entity.Blog: void setCreateTime(java.util.Date)>
<com.site.blog.my.core.entity.Blog: void setUpdateTime(java.util.Date)>
<com.site.blog.my.core.entity.Blog: void setBlogContent(java.lang.String)>
<com.site.blog.my.core.controller.admin.ConfigurationController: void <init>()>
<com.site.blog.my.core.util.MD5Util: void <clinit>()>
<com.site.blog.my.core.controller.admin.BlogController$$InterceptorProxy: void <init>()>
<com.site.blog.my.core.controller.admin.BlogController$$InterceptorProxy: org.springframework.web.servlet.ModelAndView getModelAndViewInstance()>
<com.site.blog.my.core.controller.admin.BlogController$$InterceptorProxy: org.springframework.web.servlet.resource.ResourceUrlProvider getResourceUrlProviderInstance()>
<com.site.blog.my.core.controller.admin.BlogController$$InterceptorProxy: java.lang.String getString()>
<com.site.blog.my.core.entity.BlogTagRelation: void <init>()>
<com.site.blog.my.core.entity.BlogTagRelation: java.lang.Long getBlogId()>
<com.site.blog.my.core.entity.BlogTagRelation: java.lang.Integer getTagId()>
<com.site.blog.my.core.entity.BlogTagRelation: java.lang.String toString()>
<com.site.blog.my.core.service.impl.LinkServiceImpl: void <init>()>
<com.site.blog.my.core.service.impl.LinkServiceImpl: int getTotalLinks()>
<com.site.blog.my.core.service.impl.LinkServiceImpl: java.util.Map getLinksForLinkPage()>
<com.site.blog.my.core.entity.BlogTagCount: void <init>()>
<com.site.blog.my.core.controller.vo.BlogListVO: void <init>()>
<com.site.blog.my.core.controller.admin.UploadController$$InterceptorProxy: void <init>()>
<com.site.blog.my.core.controller.admin.UploadController$$InterceptorProxy: org.springframework.web.servlet.ModelAndView getModelAndViewInstance()>
<com.site.blog.my.core.controller.admin.UploadController$$InterceptorProxy: org.springframework.web.servlet.resource.ResourceUrlProvider getResourceUrlProviderInstance()>
<com.site.blog.my.core.entity.BlogComment: void <init>()>
<com.site.blog.my.core.entity.BlogComment: java.lang.Long getCommentId()>
<com.site.blog.my.core.entity.BlogComment: java.lang.Long getBlogId()>
<com.site.blog.my.core.entity.BlogComment: java.lang.String getCommentator()>
<com.site.blog.my.core.entity.BlogComment: java.lang.String getEmail()>
<com.site.blog.my.core.entity.BlogComment: java.lang.String getWebsiteUrl()>
<com.site.blog.my.core.entity.BlogComment: java.lang.String getCommentBody()>
<com.site.blog.my.core.entity.BlogComment: java.util.Date getCommentCreateTime()>
<com.site.blog.my.core.entity.BlogComment: java.lang.String getCommentatorIp()>
<com.site.blog.my.core.entity.BlogComment: java.lang.String getReplyBody()>
<com.site.blog.my.core.entity.BlogComment: java.util.Date getReplyCreateTime()>
<com.site.blog.my.core.entity.BlogComment: java.lang.Byte getCommentStatus()>
<com.site.blog.my.core.entity.BlogComment: java.lang.Byte getIsDeleted()>
<com.site.blog.my.core.entity.BlogComment: java.lang.String toString()>
<com.site.blog.my.core.entity.BlogLink: void <init>()>
<com.site.blog.my.core.entity.BlogLink: java.lang.Integer getLinkId()>
<com.site.blog.my.core.entity.BlogLink: java.lang.Byte getLinkType()>
<com.site.blog.my.core.entity.BlogLink: java.lang.String getLinkName()>
<com.site.blog.my.core.entity.BlogLink: java.lang.String getLinkUrl()>
<com.site.blog.my.core.entity.BlogLink: java.lang.String getLinkDescription()>
<com.site.blog.my.core.entity.BlogLink: java.lang.Integer getLinkRank()>
<com.site.blog.my.core.entity.BlogLink: java.lang.Byte getIsDeleted()>
<com.site.blog.my.core.entity.BlogLink: java.util.Date getCreateTime()>
<com.site.blog.my.core.entity.BlogLink: java.lang.String toString()>
<com.site.blog.my.core.controller.common.CommonController: void <init>()>
<com.site.blog.my.core.controller.admin.ConfigurationController$$InterceptorProxy: void <init>()>
<com.site.blog.my.core.controller.admin.ConfigurationController$$InterceptorProxy: org.springframework.web.servlet.ModelAndView getModelAndViewInstance()>
<com.site.blog.my.core.controller.admin.ConfigurationController$$InterceptorProxy: org.springframework.web.servlet.resource.ResourceUrlProvider getResourceUrlProviderInstance()>
<com.site.blog.my.core.controller.admin.ConfigurationController$$InterceptorProxy: java.lang.String getString()>
<com.site.blog.my.core.util.PatternUtil: void <clinit>()>
<com.site.blog.my.core.controller.blog.MyBlogController$$InterceptorProxy: void <init>()>
<com.site.blog.my.core.controller.blog.MyBlogController$$InterceptorProxy: org.springframework.web.servlet.resource.ResourceUrlProvider getResourceUrlProviderInstance()>
<com.site.blog.my.core.controller.blog.MyBlogController$$InterceptorProxy: java.lang.String getString()>
<com.site.blog.my.core.controller.admin.AdminController$$InterceptorProxy: void <init>()>
<com.site.blog.my.core.controller.admin.AdminController$$InterceptorProxy: org.springframework.web.servlet.ModelAndView getModelAndViewInstance()>
<com.site.blog.my.core.controller.admin.AdminController$$InterceptorProxy: org.springframework.web.servlet.resource.ResourceUrlProvider getResourceUrlProviderInstance()>
<com.site.blog.my.core.controller.admin.AdminController$$InterceptorProxy: java.lang.String getString()>
<com.site.blog.my.core.controller.common.CommonController$$InterceptorProxy: void <init>()>
<com.site.blog.my.core.controller.common.CommonController$$InterceptorProxy: org.springframework.web.servlet.resource.ResourceUrlProvider getResourceUrlProviderInstance()>
<com.site.blog.my.core.controller.admin.UploadController: void <init>()>
<com.site.blog.my.core.util.Result: void <init>()>
<com.site.blog.my.core.entity.BlogTag: void <init>()>
<com.site.blog.my.core.entity.BlogTag: java.lang.Integer getTagId()>
<com.site.blog.my.core.entity.BlogTag: java.lang.String getTagName()>
<com.site.blog.my.core.entity.BlogTag: java.lang.Byte getIsDeleted()>
<com.site.blog.my.core.entity.BlogTag: java.util.Date getCreateTime()>
<com.site.blog.my.core.entity.BlogTag: java.lang.String toString()>
<com.site.blog.my.core.service.impl.ConfigServiceImpl: void <init>()>
<com.site.blog.my.core.service.impl.ConfigServiceImpl: java.util.Map getAllConfigs()>
<com.site.blog.my.core.controller.common.ErrorPageController: void <init>()>
<com.site.blog.my.core.controller.common.ErrorPageController: java.lang.String getErrorPath()>
<com.site.blog.my.core.controller.admin.BlogController: void <init>()>
<com.site.blog.my.core.config.MyBlogWebMvcConfigurer: void <init>()>
<com.site.blog.my.core.config.MyBlogWebMvcConfigurer: org.springframework.validation.MessageCodesResolver getMessageCodesResolver()>
<com.site.blog.my.core.config.MyBlogWebMvcConfigurer: org.springframework.validation.Validator getValidator()>
<com.site.blog.my.core.controller.admin.CommentController$$InterceptorProxy: void <init>()>
<com.site.blog.my.core.controller.admin.CommentController$$InterceptorProxy: org.springframework.web.servlet.ModelAndView getModelAndViewInstance()>
<com.site.blog.my.core.controller.admin.CommentController$$InterceptorProxy: org.springframework.web.servlet.resource.ResourceUrlProvider getResourceUrlProviderInstance()>
<com.site.blog.my.core.controller.admin.CommentController$$InterceptorProxy: java.lang.String getString()>
<com.site.blog.my.core.controller.admin.AdminController: void <init>()>
<com.site.blog.my.core.controller.admin.CategoryController$$InterceptorProxy: void <init>()>
<com.site.blog.my.core.controller.admin.CategoryController$$InterceptorProxy: org.springframework.web.servlet.ModelAndView getModelAndViewInstance()>
<com.site.blog.my.core.controller.admin.CategoryController$$InterceptorProxy: org.springframework.web.servlet.resource.ResourceUrlProvider getResourceUrlProviderInstance()>
<com.site.blog.my.core.controller.admin.CategoryController$$InterceptorProxy: java.lang.String getString()>
<com.site.blog.my.core.controller.admin.LinkController$$InterceptorProxy: void <init>()>
<com.site.blog.my.core.controller.admin.LinkController$$InterceptorProxy: org.springframework.web.servlet.ModelAndView getModelAndViewInstance()>
<com.site.blog.my.core.controller.admin.LinkController$$InterceptorProxy: org.springframework.web.servlet.resource.ResourceUrlProvider getResourceUrlProviderInstance()>
<com.site.blog.my.core.service.impl.BlogServiceImpl: void <init>()>
<com.site.blog.my.core.controller.admin.LinkController$$InterceptorProxy: java.lang.String getString()>
<com.site.blog.my.core.service.impl.BlogServiceImpl: int getTotalBlogs()>
<com.site.blog.my.core.controller.admin.TagController: void <init>()>
<com.site.blog.my.core.controller.admin.LinkController: void <init>()>
<com.site.blog.my.core.service.impl.CategoryServiceImpl: void <init>()>
<com.site.blog.my.core.service.impl.CategoryServiceImpl: int getTotalCategories()>
<com.site.blog.my.core.service.impl.CategoryServiceImpl: java.util.List getAllCategories()>
<com.site.blog.my.core.controller.admin.TagController$$InterceptorProxy: void <init>()>
<com.site.blog.my.core.controller.admin.TagController$$InterceptorProxy: org.springframework.web.servlet.ModelAndView getModelAndViewInstance()>
<com.site.blog.my.core.controller.admin.TagController$$InterceptorProxy: org.springframework.web.servlet.resource.ResourceUrlProvider getResourceUrlProviderInstance()>
<com.site.blog.my.core.controller.admin.TagController$$InterceptorProxy: java.lang.String getString()>
<com.site.blog.my.core.entity.BlogConfig: void <init>()>
<com.site.blog.my.core.entity.BlogConfig: java.lang.String getConfigName()>
<com.site.blog.my.core.entity.BlogConfig: java.lang.String getConfigValue()>
<com.site.blog.my.core.entity.BlogConfig: java.util.Date getCreateTime()>
<com.site.blog.my.core.entity.BlogConfig: java.util.Date getUpdateTime()>
<com.site.blog.my.core.entity.BlogConfig: java.lang.String toString()>
<com.site.blog.my.core.controller.vo.BlogDetailVO: void <init>()>
<com.site.blog.my.core.controller.vo.BlogDetailVO: java.lang.String getBlogContent()>
<com.site.blog.my.core.controller.blog.MyBlogController: void <init>()>
<com.site.blog.my.core.controller.blog.MyBlogController: void <clinit>()>
<com.site.blog.my.core.entity.AdminUser: void <init>()>
<com.site.blog.my.core.entity.AdminUser: java.lang.Integer getAdminUserId()>
<com.site.blog.my.core.entity.AdminUser: java.lang.String getLoginUserName()>
<com.site.blog.my.core.entity.AdminUser: java.lang.String getLoginPassword()>
<com.site.blog.my.core.entity.AdminUser: java.lang.String getNickName()>
<com.site.blog.my.core.entity.AdminUser: java.lang.Byte getLocked()>
<com.site.blog.my.core.controller.admin.CommentController: void <init>()>
<com.site.blog.my.core.MyBlogApplication: void <init>()>
<com.site.blog.my.core.MyBlogApplication: void initBean_synthetic()>
<com.site.blog.my.core.MyBlogApplication: org.springframework.boot.autoconfigure.security.oauth2.resource.OAuth2ResourceServerProperties getOAuth2ResourceServerPropertiesInstance()>
<com.site.blog.my.core.MyBlogApplication: org.springframework.boot.autoconfigure.jdbc.JdbcProperties getJdbcPropertiesInstance()>
<com.site.blog.my.core.MyBlogApplication: org.springframework.boot.autoconfigure.task.TaskExecutionProperties getTaskExecutionPropertiesInstance()>
<com.site.blog.my.core.MyBlogApplication: org.springframework.boot.autoconfigure.web.servlet.WebMvcProperties getWebMvcPropertiesInstance()>
<com.site.blog.my.core.MyBlogApplication: org.springframework.boot.autoconfigure.web.ServerProperties getServerPropertiesInstance()>
<com.site.blog.my.core.MyBlogApplication: org.springframework.boot.autoconfigure.thymeleaf.ThymeleafProperties getThymeleafPropertiesInstance()>
<com.site.blog.my.core.MyBlogApplication: org.springframework.boot.autoconfigure.elasticsearch.ElasticsearchRestClientProperties getElasticsearchRestClientPropertiesInstance()>
<com.site.blog.my.core.MyBlogApplication: org.springframework.web.servlet.resource.ResourceUrlProvider getResourceUrlProviderInstance()>
<com.site.blog.my.core.MyBlogApplication: org.springframework.boot.autoconfigure.context.LifecycleProperties getLifecyclePropertiesInstance()>
<com.site.blog.my.core.MyBlogApplication: org.springframework.boot.autoconfigure.jackson.JacksonProperties getJacksonPropertiesInstance()>
<com.site.blog.my.core.MyBlogApplication: org.springframework.boot.autoconfigure.r2dbc.R2dbcProperties getR2dbcPropertiesInstance()>
<com.site.blog.my.core.MyBlogApplication: org.springframework.boot.autoconfigure.cache.CacheManagerCustomizers getCacheManagerCustomizersInstance()>
<com.site.blog.my.core.MyBlogApplication: org.springframework.boot.autoconfigure.cache.CacheProperties getCachePropertiesInstance()>
<com.site.blog.my.core.MyBlogApplication: org.springframework.boot.autoconfigure.task.TaskSchedulingProperties getTaskSchedulingPropertiesInstance()>
<com.site.blog.my.core.MyBlogApplication: org.springframework.boot.autoconfigure.mongo.MongoProperties getMongoPropertiesInstance()>
<com.site.blog.my.core.MyBlogApplication: org.springframework.boot.autoconfigure.security.saml2.Saml2RelyingPartyProperties getSaml2RelyingPartyPropertiesInstance()>
<com.site.blog.my.core.MyBlogApplication: org.springframework.boot.autoconfigure.jdbc.DataSourceProperties getDataSourcePropertiesInstance()>
<com.site.blog.my.core.controller.vo.SimpleBlogListVO: void <init>()>
<com.site.blog.my.core.controller.admin.CategoryController: void <init>()>
<com.site.blog.my.core.service.impl.CommentServiceImpl: void <init>()>
<com.site.blog.my.core.service.impl.CommentServiceImpl: int getTotalComments()>
<com.site.blog.my.core.util.PageQueryUtil: int getPage()>
<com.site.blog.my.core.util.PageQueryUtil: int getLimit()>
<com.site.blog.my.core.util.PageQueryUtil: java.lang.String toString()>
<com.site.blog.my.core.controller.common.KaptchaConfig: void <init>()>
<com.site.blog.my.core.service.impl.AdminUserServiceImpl: void <init>()>
<com.site.blog.my.core.interceptor.AdminLoginInterceptor: void <init>()>
<com.site.blog.my.core.service.impl.TagServiceImpl: void <init>()>
<com.site.blog.my.core.service.impl.TagServiceImpl: int getTotalTags()>
<com.site.blog.my.core.service.impl.TagServiceImpl: java.util.List getBlogTagCountForIndex()>
<com.site.blog.my.core.entity.BlogCategory: void <init>()>
<com.site.blog.my.core.entity.BlogCategory: java.lang.Integer getCategoryId()>
<com.site.blog.my.core.entity.BlogCategory: java.lang.String getCategoryName()>
<com.site.blog.my.core.entity.BlogCategory: java.lang.String getCategoryIcon()>
<com.site.blog.my.core.entity.BlogCategory: java.lang.Integer getCategoryRank()>
<com.site.blog.my.core.entity.BlogCategory: java.lang.Byte getIsDeleted()>
<com.site.blog.my.core.entity.BlogCategory: java.util.Date getCreateTime()>
<com.site.blog.my.core.entity.BlogCategory: java.lang.String toString()>
<com.site.blog.my.core.controller.common.ErrorPageController$$InterceptorProxy: void <init>()>
<com.site.blog.my.core.controller.common.ErrorPageController$$InterceptorProxy: org.springframework.web.servlet.resource.ResourceUrlProvider getResourceUrlProviderInstance()>
<com.site.blog.my.core.util.ResultGenerator: com.site.blog.my.core.util.Result genSuccessResult()>
<com.site.blog.my.core.entity.Blog: void <init>()>
<com.site.blog.my.core.entity.Blog: java.lang.Long getBlogId()>
<com.site.blog.my.core.entity.Blog: java.lang.String getBlogTitle()>
<com.site.blog.my.core.entity.Blog: java.lang.String getBlogSubUrl()>
<com.site.blog.my.core.entity.Blog: java.lang.String getBlogCoverImage()>
<com.site.blog.my.core.entity.Blog: java.lang.Integer getBlogCategoryId()>
<com.site.blog.my.core.entity.Blog: java.lang.String getBlogCategoryName()>
<com.site.blog.my.core.entity.Blog: java.lang.String getBlogTags()>
<com.site.blog.my.core.entity.Blog: java.lang.Byte getBlogStatus()>
<com.site.blog.my.core.entity.Blog: java.lang.Long getBlogViews()>
<com.site.blog.my.core.entity.Blog: java.lang.Byte getEnableComment()>
<com.site.blog.my.core.entity.Blog: java.lang.Byte getIsDeleted()>
<com.site.blog.my.core.entity.Blog: java.util.Date getCreateTime()>
<com.site.blog.my.core.entity.Blog: java.util.Date getUpdateTime()>
<com.site.blog.my.core.entity.Blog: java.lang.String getBlogContent()>
<com.site.blog.my.core.entity.Blog: java.lang.String toString()>
