<co.yiiu.pybbs.config.realm.MyShiroRealm: org.apache.shiro.authc.AuthenticationInfo doGetAuthenticationInfo(org.apache.shiro.authc.AuthenticationToken)>
<co.yiiu.pybbs.directive.UserCommentsDirective: void execute(freemarker.core.Environment,java.util.Map,freemarker.template.TemplateModel[],freemarker.template.TemplateDirectiveBody)>
<co.yiiu.pybbs.directive.SocialDirective: void execute(freemarker.core.Environment,java.util.Map,freemarker.template.TemplateModel[],freemarker.template.TemplateDirectiveBody)>
<co.yiiu.pybbs.directive.SearchDirective: void execute(freemarker.core.Environment,java.util.Map,freemarker.template.TemplateModel[],freemarker.template.TemplateDirectiveBody)>
<co.yiiu.pybbs.directive.UserTopicsDirective: void execute(freemarker.core.Environment,java.util.Map,freemarker.template.TemplateModel[],freemarker.template.TemplateDirectiveBody)>
<co.yiiu.pybbs.directive.ScoreDirective: void execute(freemarker.core.Environment,java.util.Map,freemarker.template.TemplateModel[],freemarker.template.TemplateDirectiveBody)>
<co.yiiu.pybbs.directive.OtherTopicDirective: void execute(freemarker.core.Environment,java.util.Map,freemarker.template.TemplateModel[],freemarker.template.TemplateDirectiveBody)>
<co.yiiu.pybbs.directive.TopicCommentsDirective: void execute(freemarker.core.Environment,java.util.Map,freemarker.template.TemplateModel[],freemarker.template.TemplateDirectiveBody)>
<co.yiiu.pybbs.directive.TopicListDirective: void execute(freemarker.core.Environment,java.util.Map,freemarker.template.TemplateModel[],freemarker.template.TemplateDirectiveBody)>
<co.yiiu.pybbs.directive.TagsDirective: void execute(freemarker.core.Environment,java.util.Map,freemarker.template.TemplateModel[],freemarker.template.TemplateDirectiveBody)>
<co.yiiu.pybbs.directive.UserCollectsDirective: void execute(freemarker.core.Environment,java.util.Map,freemarker.template.TemplateModel[],freemarker.template.TemplateDirectiveBody)>
<co.yiiu.pybbs.config.websocket.MessageEncoder: java.lang.String encode(java.lang.Object)>
<co.yiiu.pybbs.util.MD5Util: java.lang.String getFileMD5String(java.io.File)>
<co.yiiu.pybbs.util.SpringContextUtil: void setApplicationContext(org.springframework.context.ApplicationContext)>
<co.yiiu.pybbs.directive.NotificationsDirective: void execute(freemarker.core.Environment,java.util.Map,freemarker.template.TemplateModel[],freemarker.template.TemplateDirectiveBody)>
<co.yiiu.pybbs.config.websocket.MessageDecoder: java.lang.Object decode(java.lang.String)>
<co.yiiu.pybbs.config.websocket.MyWebSocket: void onOpen(javax.websocket.Session)>
<co.yiiu.pybbs.config.websocket.MyWebSocket: void onClose(javax.websocket.Session)>
<co.yiiu.pybbs.config.websocket.MyWebSocket: void onMessage(co.yiiu.pybbs.util.Message,javax.websocket.Session)>
<co.yiiu.pybbs.service.impl.IndexedService: void indexTopic(java.lang.String,java.lang.String,java.lang.String)>
<co.yiiu.pybbs.service.impl.IndexedService: void deleteTopicIndex(java.lang.String)>
<co.yiiu.pybbs.exception.ApiException: void setCode(int)>
<co.yiiu.pybbs.exception.ApiException: void setMessage(java.lang.String)>
<co.yiiu.pybbs.config.service.EmailService: boolean sendEmail(java.lang.String,java.lang.String,java.lang.String)>
<co.yiiu.pybbs.PybbsApplication: void main(java.lang.String[])>
<co.yiiu.pybbs.util.identicon.generator.impl.MyGenerator: boolean[][] getBooleanValueArray(java.lang.String)>
<co.yiiu.pybbs.config.realm.MyShiroRealm: org.apache.shiro.authz.AuthorizationInfo doGetAuthorizationInfo(org.apache.shiro.subject.PrincipalCollection)>
<co.yiiu.pybbs.util.SensitiveWordUtil: boolean contains(java.lang.String,int)>
<co.yiiu.pybbs.util.SensitiveWordUtil: boolean contains(java.lang.String)>
<co.yiiu.pybbs.util.SensitiveWordUtil: java.util.Set getSensitiveWord(java.lang.String)>
<co.yiiu.pybbs.util.SensitiveWordUtil: java.lang.String replaceSensitiveWord(java.lang.String,char,int)>
<co.yiiu.pybbs.util.SensitiveWordUtil: java.lang.String replaceSensitiveWord(java.lang.String,char)>
<co.yiiu.pybbs.util.SensitiveWordUtil: java.lang.String replaceSensitiveWord(java.lang.String,java.lang.String)>
<co.yiiu.pybbs.util.SensitiveWordUtil: java.lang.String getReplaceChars(char,int)>
<co.yiiu.pybbs.util.captcha.Streams: void close(java.io.InputStream)>
<co.yiiu.pybbs.service.impl.CommentService: java.util.List selectByTopicId(java.lang.Integer)>
<co.yiiu.pybbs.service.impl.CommentService: void deleteByTopicId(java.lang.Integer)>
<co.yiiu.pybbs.service.impl.CommentService: void deleteByUserId(java.lang.Integer)>
<co.yiiu.pybbs.service.impl.CommentService: co.yiiu.pybbs.model.Comment insert(co.yiiu.pybbs.model.Comment,co.yiiu.pybbs.model.Topic,co.yiiu.pybbs.model.User)>
<co.yiiu.pybbs.service.impl.CommentService: co.yiiu.pybbs.model.Comment selectById(java.lang.Integer)>
<co.yiiu.pybbs.service.impl.CommentService: void update(co.yiiu.pybbs.model.Comment)>
<co.yiiu.pybbs.service.impl.CommentService: int vote(co.yiiu.pybbs.model.Comment,co.yiiu.pybbs.model.User)>
<co.yiiu.pybbs.service.impl.CommentService: void delete(co.yiiu.pybbs.model.Comment)>
<co.yiiu.pybbs.service.impl.CommentService: co.yiiu.pybbs.util.MyPage selectByUserId(java.lang.Integer,java.lang.Integer,java.lang.Integer)>
<co.yiiu.pybbs.service.impl.CommentService: co.yiiu.pybbs.util.MyPage selectAllForAdmin(java.lang.Integer,java.lang.String,java.lang.String,java.lang.String)>
<co.yiiu.pybbs.service.impl.CommentService: java.lang.Object $deserializeLambda$(java.lang.invoke.SerializedLambda)>
<co.yiiu.pybbs.service.impl.CommentService: void lambda$insert$1(co.yiiu.pybbs.model.User,java.lang.String,co.yiiu.pybbs.model.User,co.yiiu.pybbs.model.Topic,java.lang.String,co.yiiu.pybbs.model.Comment)>
<co.yiiu.pybbs.service.impl.CommentService: void lambda$insert$0(co.yiiu.pybbs.model.User,java.lang.String,co.yiiu.pybbs.model.Topic,co.yiiu.pybbs.model.User,java.lang.String,co.yiiu.pybbs.model.Comment)>
<co.yiiu.pybbs.util.Message: void <init>(java.lang.String,java.lang.Object)>
<co.yiiu.pybbs.util.Message: void setType(java.lang.String)>
<co.yiiu.pybbs.util.Message: void setPayload(java.lang.Object)>
<co.yiiu.pybbs.service.impl.RolePermissionService: java.util.List selectByRoleId(java.lang.Integer)>
<co.yiiu.pybbs.service.impl.RolePermissionService: void deleteByRoleId(java.lang.Integer)>
<co.yiiu.pybbs.service.impl.RolePermissionService: void deleteByPermissionId(java.lang.Integer)>
<co.yiiu.pybbs.service.impl.RolePermissionService: void insert(co.yiiu.pybbs.model.RolePermission)>
<co.yiiu.pybbs.service.impl.RolePermissionService: java.lang.Object $deserializeLambda$(java.lang.invoke.SerializedLambda)>
<co.yiiu.pybbs.util.MyPage: void <init>(long,long,boolean)>
<co.yiiu.pybbs.util.MyPage: com.baomidou.mybatisplus.extension.plugins.pagination.Page setRecords(java.util.List)>
<co.yiiu.pybbs.util.MyPage: com.baomidou.mybatisplus.extension.plugins.pagination.Page setTotal(long)>
<co.yiiu.pybbs.util.MyPage: com.baomidou.mybatisplus.extension.plugins.pagination.Page setSize(long)>
<co.yiiu.pybbs.util.MyPage: com.baomidou.mybatisplus.extension.plugins.pagination.Page setCurrent(long)>
<co.yiiu.pybbs.util.MyPage: com.baomidou.mybatisplus.extension.plugins.pagination.Page setAscs(java.util.List)>
<co.yiiu.pybbs.util.MyPage: com.baomidou.mybatisplus.extension.plugins.pagination.Page setAsc(java.lang.String[])>
<co.yiiu.pybbs.util.MyPage: com.baomidou.mybatisplus.extension.plugins.pagination.Page setDescs(java.util.List)>
<co.yiiu.pybbs.util.MyPage: com.baomidou.mybatisplus.extension.plugins.pagination.Page setDesc(java.lang.String[])>
<co.yiiu.pybbs.util.MyPage: com.baomidou.mybatisplus.extension.plugins.pagination.Page setSearchCount(boolean)>
<co.yiiu.pybbs.util.MyPage: com.baomidou.mybatisplus.extension.plugins.pagination.Page setOptimizeCountSql(boolean)>
<co.yiiu.pybbs.util.MyPage: com.baomidou.mybatisplus.core.metadata.IPage setCurrent(long)>
<co.yiiu.pybbs.util.MyPage: com.baomidou.mybatisplus.core.metadata.IPage setSize(long)>
<co.yiiu.pybbs.util.MyPage: com.baomidou.mybatisplus.core.metadata.IPage setTotal(long)>
<co.yiiu.pybbs.util.MyPage: com.baomidou.mybatisplus.core.metadata.IPage setRecords(java.util.List)>
<co.yiiu.pybbs.model.Role: void setId(java.lang.Integer)>
<co.yiiu.pybbs.model.Role: void setName(java.lang.String)>
<co.yiiu.pybbs.service.impl.CollectService: java.util.List selectByTopicId(java.lang.Integer)>
<co.yiiu.pybbs.service.impl.CollectService: co.yiiu.pybbs.model.Collect selectByTopicIdAndUserId(java.lang.Integer,java.lang.Integer)>
<co.yiiu.pybbs.service.impl.CollectService: co.yiiu.pybbs.model.Collect insert(java.lang.Integer,co.yiiu.pybbs.model.User)>
<co.yiiu.pybbs.service.impl.CollectService: void delete(java.lang.Integer,java.lang.Integer)>
<co.yiiu.pybbs.service.impl.CollectService: void deleteByTopicId(java.lang.Integer)>
<co.yiiu.pybbs.service.impl.CollectService: void deleteByUserId(java.lang.Integer)>
<co.yiiu.pybbs.service.impl.CollectService: int countByUserId(java.lang.Integer)>
<co.yiiu.pybbs.service.impl.CollectService: co.yiiu.pybbs.util.MyPage selectByUserId(java.lang.Integer,java.lang.Integer,java.lang.Integer)>
<co.yiiu.pybbs.service.impl.CollectService: java.lang.Object $deserializeLambda$(java.lang.invoke.SerializedLambda)>
<co.yiiu.pybbs.service.impl.CollectService: void lambda$insert$0(co.yiiu.pybbs.model.User,java.lang.String,co.yiiu.pybbs.model.Topic,co.yiiu.pybbs.model.User,java.lang.String)>
<co.yiiu.pybbs.config.service.EmailService$1: void <init>(co.yiiu.pybbs.config.service.EmailService,java.lang.String,java.lang.String)>
<co.yiiu.pybbs.model.Notification: void setContent(java.lang.String)>
<co.yiiu.pybbs.model.Notification: void setId(java.lang.Integer)>
<co.yiiu.pybbs.model.Notification: void setTopicId(java.lang.Integer)>
<co.yiiu.pybbs.model.Notification: void setUserId(java.lang.Integer)>
<co.yiiu.pybbs.model.Notification: void setTargetUserId(java.lang.Integer)>
<co.yiiu.pybbs.model.Notification: void setAction(java.lang.String)>
<co.yiiu.pybbs.model.Notification: void setInTime(java.util.Date)>
<co.yiiu.pybbs.model.Notification: void setRead(java.lang.Boolean)>
<co.yiiu.pybbs.service.impl.UserService: co.yiiu.pybbs.model.User selectByUsername(java.lang.String)>
<co.yiiu.pybbs.service.impl.UserService: co.yiiu.pybbs.model.User addUser(java.lang.String,java.lang.String,java.lang.String,java.lang.String,java.lang.String,java.lang.String,boolean)>
<co.yiiu.pybbs.service.impl.UserService: co.yiiu.pybbs.model.User addUserWithMobile(java.lang.String)>
<co.yiiu.pybbs.service.impl.UserService: co.yiiu.pybbs.model.User selectByToken(java.lang.String)>
<co.yiiu.pybbs.service.impl.UserService: co.yiiu.pybbs.model.User selectByMobile(java.lang.String)>
<co.yiiu.pybbs.service.impl.UserService: co.yiiu.pybbs.model.User selectByEmail(java.lang.String)>
<co.yiiu.pybbs.service.impl.UserService: co.yiiu.pybbs.model.User selectById(java.lang.Integer)>
<co.yiiu.pybbs.service.impl.UserService: java.util.List selectTop(java.lang.Integer)>
<co.yiiu.pybbs.service.impl.UserService: void update(co.yiiu.pybbs.model.User)>
<co.yiiu.pybbs.service.impl.UserService: com.baomidou.mybatisplus.core.metadata.IPage selectAll(java.lang.Integer,java.lang.String)>
<co.yiiu.pybbs.service.impl.UserService: co.yiiu.pybbs.model.User selectByIdNoCatch(java.lang.Integer)>
<co.yiiu.pybbs.service.impl.UserService: void deleteUser(java.lang.Integer)>
<co.yiiu.pybbs.service.impl.UserService: void delRedisUser(co.yiiu.pybbs.model.User)>
<co.yiiu.pybbs.service.impl.UserService: java.lang.Object $deserializeLambda$(java.lang.invoke.SerializedLambda)>
<co.yiiu.pybbs.service.impl.UserService: void lambda$addUser$0(co.yiiu.pybbs.model.User,java.lang.String)>
<co.yiiu.pybbs.util.CookieUtil: void setCookie(java.lang.String,java.lang.String)>
<co.yiiu.pybbs.util.CookieUtil: java.lang.String getCookie(java.lang.String)>
<co.yiiu.pybbs.util.CookieUtil: void clearCookie(java.lang.String)>
<co.yiiu.pybbs.model.Code: void setUserId(java.lang.Integer)>
<co.yiiu.pybbs.model.Code: void setId(java.lang.Integer)>
<co.yiiu.pybbs.model.Code: void setCode(java.lang.String)>
<co.yiiu.pybbs.model.Code: void setInTime(java.util.Date)>
<co.yiiu.pybbs.model.Code: void setExpireTime(java.util.Date)>
<co.yiiu.pybbs.model.Code: void setEmail(java.lang.String)>
<co.yiiu.pybbs.model.Code: void setMobile(java.lang.String)>
<co.yiiu.pybbs.model.Code: void setUsed(java.lang.Boolean)>
<co.yiiu.pybbs.util.captcha.SpecCaptcha: void <init>(int,int)>
<co.yiiu.pybbs.util.captcha.SpecCaptcha: void <init>(int,int,int)>
<co.yiiu.pybbs.util.captcha.SpecCaptcha: void <init>(int,int,int,java.awt.Font)>
<co.yiiu.pybbs.util.captcha.SpecCaptcha: void out(java.io.OutputStream)>
<co.yiiu.pybbs.util.captcha.SpecCaptcha: boolean graphicsImage(char[],java.io.OutputStream)>
<co.yiiu.pybbs.service.impl.NotificationService: java.util.List selectByUserId(java.lang.Integer,java.lang.Boolean,java.lang.Integer)>
<co.yiiu.pybbs.service.impl.NotificationService: void markRead(java.lang.Integer)>
<co.yiiu.pybbs.service.impl.NotificationService: long countNotRead(java.lang.Integer)>
<co.yiiu.pybbs.service.impl.NotificationService: void deleteByTopicId(java.lang.Integer)>
<co.yiiu.pybbs.service.impl.NotificationService: void deleteByUserId(java.lang.Integer)>
<co.yiiu.pybbs.service.impl.NotificationService: void insert(java.lang.Integer,java.lang.Integer,java.lang.Integer,java.lang.String,java.lang.String)>
<co.yiiu.pybbs.service.impl.NotificationService: java.lang.Object $deserializeLambda$(java.lang.invoke.SerializedLambda)>
<co.yiiu.pybbs.service.impl.SystemConfigService: co.yiiu.pybbs.model.SystemConfig selectByKey(java.lang.String)>
<co.yiiu.pybbs.service.impl.SystemConfigService: void update(java.util.List)>
<co.yiiu.pybbs.service.impl.SystemConfigService: void updateByKey(java.lang.String,co.yiiu.pybbs.model.SystemConfig)>
<co.yiiu.pybbs.service.impl.SystemConfigService: java.lang.Object $deserializeLambda$(java.lang.invoke.SerializedLambda)>
<co.yiiu.pybbs.service.impl.SystemConfigService: void lambda$selectAll$3(java.util.List,java.util.Map,co.yiiu.pybbs.model.SystemConfig)>
<co.yiiu.pybbs.service.impl.SystemConfigService: boolean lambda$null$2(co.yiiu.pybbs.model.SystemConfig,co.yiiu.pybbs.model.SystemConfig)>
<co.yiiu.pybbs.service.impl.SystemConfigService: boolean lambda$selectAll$1(co.yiiu.pybbs.model.SystemConfig)>
<co.yiiu.pybbs.service.impl.SystemConfigService: boolean lambda$selectAllConfig$0(co.yiiu.pybbs.model.SystemConfig)>
<co.yiiu.pybbs.util.MarkdownUtil: java.lang.String render(java.lang.String)>
<co.yiiu.pybbs.util.MarkdownUtil: org.commonmark.renderer.html.AttributeProvider lambda$render$0(org.commonmark.renderer.html.AttributeProviderContext)>
<co.yiiu.pybbs.plugin.FileUploadPlugin$UploadPlatForm: co.yiiu.pybbs.plugin.FileUploadPlugin$UploadPlatForm valueOf(java.lang.String)>
<co.yiiu.pybbs.model.Tag: void setInTime(java.util.Date)>
<co.yiiu.pybbs.model.Tag: void setId(java.lang.Integer)>
<co.yiiu.pybbs.model.Tag: void setName(java.lang.String)>
<co.yiiu.pybbs.model.Tag: void setDescription(java.lang.String)>
<co.yiiu.pybbs.model.Tag: void setIcon(java.lang.String)>
<co.yiiu.pybbs.model.Tag: void setTopicCount(java.lang.Integer)>
<co.yiiu.pybbs.config.ShiroTag: boolean hasRole(java.lang.String)>
<co.yiiu.pybbs.config.ShiroTag: boolean hasPermission(java.lang.String)>
<co.yiiu.pybbs.config.ShiroTag: boolean hasPermissionOr(java.lang.String[])>
<co.yiiu.pybbs.config.ShiroTag: boolean hasPermissionAnd(java.lang.String[])>
<co.yiiu.pybbs.config.ShiroTag: boolean hasAllPermission(java.lang.String[])>
<co.yiiu.pybbs.util.BaseModel: java.lang.String formatDate(java.util.Date)>
<co.yiiu.pybbs.util.BaseModel: java.lang.String formatContent(java.lang.String)>
<co.yiiu.pybbs.util.BaseModel: java.util.Set getUpIds(java.lang.String)>
<co.yiiu.pybbs.util.BaseModel: boolean isEmpty(java.lang.String)>
<co.yiiu.pybbs.util.BaseModel: void lambda$formatContent$1(org.jsoup.nodes.Element)>
<co.yiiu.pybbs.util.BaseModel: void lambda$formatContent$0(org.jsoup.nodes.Element)>
<co.yiiu.pybbs.service.impl.CodeService: co.yiiu.pybbs.model.Code selectByCode(java.lang.String)>
<co.yiiu.pybbs.service.impl.CodeService: co.yiiu.pybbs.model.Code selectNotUsedCode(java.lang.Integer,java.lang.String,java.lang.String)>
<co.yiiu.pybbs.service.impl.CodeService: co.yiiu.pybbs.model.Code createCode(java.lang.Integer,java.lang.String,java.lang.String)>
<co.yiiu.pybbs.service.impl.CodeService: co.yiiu.pybbs.model.Code validateCode(java.lang.Integer,java.lang.String,java.lang.String,java.lang.String)>
<co.yiiu.pybbs.service.impl.CodeService: boolean sendEmail(java.lang.Integer,java.lang.String,java.lang.String,java.lang.String)>
<co.yiiu.pybbs.service.impl.CodeService: boolean sendSms(java.lang.String)>
<co.yiiu.pybbs.service.impl.CodeService: void update(co.yiiu.pybbs.model.Code)>
<co.yiiu.pybbs.service.impl.CodeService: void deleteByUserId(java.lang.Integer)>
<co.yiiu.pybbs.service.impl.CodeService: java.lang.Object $deserializeLambda$(java.lang.invoke.SerializedLambda)>
<co.yiiu.pybbs.util.HashUtil: java.lang.String md5(java.lang.String)>
<co.yiiu.pybbs.util.HashUtil: java.lang.String sha1(java.lang.String)>
<co.yiiu.pybbs.util.HashUtil: java.lang.String sha256(java.lang.String)>
<co.yiiu.pybbs.util.HashUtil: java.lang.String sha384(java.lang.String)>
<co.yiiu.pybbs.util.HashUtil: java.lang.String sha512(java.lang.String)>
<co.yiiu.pybbs.util.HashUtil: java.lang.String hash(java.lang.String,java.lang.String)>
<co.yiiu.pybbs.util.HashUtil: java.lang.String toHex(byte[])>
<co.yiiu.pybbs.util.HashUtil: java.lang.String generateSalt(int)>
<co.yiiu.pybbs.util.identicon.generator.impl.DefaultGenerator: boolean[][] getBooleanValueArray(java.lang.String)>
<co.yiiu.pybbs.util.captcha.Captcha: void setFont(java.awt.Font)>
<co.yiiu.pybbs.util.captcha.Captcha: void setLen(int)>
<co.yiiu.pybbs.util.captcha.Captcha: void setWidth(int)>
<co.yiiu.pybbs.util.captcha.Captcha: void setHeight(int)>
<co.yiiu.pybbs.util.captcha.Captcha: java.awt.Color color(int,int)>
<co.yiiu.pybbs.model.vo.UserWithWebSocketVO: void <init>(java.lang.String,java.lang.Integer)>
<co.yiiu.pybbs.model.vo.UserWithWebSocketVO: void setUsername(java.lang.String)>
<co.yiiu.pybbs.model.vo.UserWithWebSocketVO: void setUserId(java.lang.Integer)>
<co.yiiu.pybbs.plugin.RedisService: void setJedis(redis.clients.jedis.JedisPool)>
<co.yiiu.pybbs.plugin.RedisService: java.lang.String getString(java.lang.String)>
<co.yiiu.pybbs.plugin.RedisService: void setString(java.lang.String,java.lang.String)>
<co.yiiu.pybbs.plugin.RedisService: void setString(java.lang.String,java.lang.String,int)>
<co.yiiu.pybbs.plugin.RedisService: void delString(java.lang.String)>
<co.yiiu.pybbs.model.Permission: void setId(java.lang.Integer)>
<co.yiiu.pybbs.model.Permission: void setName(java.lang.String)>
<co.yiiu.pybbs.model.Permission: void setValue(java.lang.String)>
<co.yiiu.pybbs.model.Permission: void setPid(java.lang.Integer)>
<co.yiiu.pybbs.model.User: void setTelegramName(java.lang.String)>
<co.yiiu.pybbs.model.User: void setToken(java.lang.String)>
<co.yiiu.pybbs.model.User: void setAvatar(java.lang.String)>
<co.yiiu.pybbs.model.User: void setWebsite(java.lang.String)>
<co.yiiu.pybbs.model.User: void setBio(java.lang.String)>
<co.yiiu.pybbs.model.User: void setId(java.lang.Integer)>
<co.yiiu.pybbs.model.User: void setUsername(java.lang.String)>
<co.yiiu.pybbs.model.User: void setEmail(java.lang.String)>
<co.yiiu.pybbs.model.User: void setScore(java.lang.Integer)>
<co.yiiu.pybbs.model.User: void setInTime(java.util.Date)>
<co.yiiu.pybbs.model.User: void setActive(java.lang.Boolean)>
<co.yiiu.pybbs.model.User: void setMobile(java.lang.String)>
<co.yiiu.pybbs.model.OAuthUser: void setId(java.lang.Integer)>
<co.yiiu.pybbs.model.OAuthUser: void setOauthId(java.lang.Integer)>
<co.yiiu.pybbs.model.OAuthUser: void setType(java.lang.String)>
<co.yiiu.pybbs.model.OAuthUser: void setLogin(java.lang.String)>
<co.yiiu.pybbs.model.OAuthUser: void setAccessToken(java.lang.String)>
<co.yiiu.pybbs.model.OAuthUser: void setInTime(java.util.Date)>
<co.yiiu.pybbs.model.OAuthUser: void setBio(java.lang.String)>
<co.yiiu.pybbs.model.OAuthUser: void setEmail(java.lang.String)>
<co.yiiu.pybbs.model.OAuthUser: void setUserId(java.lang.Integer)>
<co.yiiu.pybbs.model.OAuthUser: void setRefreshToken(java.lang.String)>
<co.yiiu.pybbs.model.OAuthUser: void setUnionId(java.lang.String)>
<co.yiiu.pybbs.model.OAuthUser: void setExpiresIn(java.lang.String)>
<co.yiiu.pybbs.service.impl.TopicTagService: java.util.List selectByTopicId(java.lang.Integer)>
<co.yiiu.pybbs.service.impl.TopicTagService: java.util.List selectByTagId(java.lang.Integer)>
<co.yiiu.pybbs.service.impl.TopicTagService: void insertTopicTag(java.lang.Integer,java.util.List)>
<co.yiiu.pybbs.service.impl.TopicTagService: void deleteByTopicId(java.lang.Integer)>
<co.yiiu.pybbs.service.impl.TopicTagService: java.lang.Object $deserializeLambda$(java.lang.invoke.SerializedLambda)>
<co.yiiu.pybbs.service.impl.TopicTagService: void lambda$insertTopicTag$0(java.lang.Integer,co.yiiu.pybbs.model.Tag)>
<co.yiiu.pybbs.model.Topic: void setStyle(java.lang.String)>
<co.yiiu.pybbs.model.Topic: void setUpIds(java.lang.String)>
<co.yiiu.pybbs.model.Topic: void setCollectCount(java.lang.Integer)>
<co.yiiu.pybbs.model.Topic: void setId(java.lang.Integer)>
<co.yiiu.pybbs.model.Topic: void setTitle(java.lang.String)>
<co.yiiu.pybbs.model.Topic: void setContent(java.lang.String)>
<co.yiiu.pybbs.model.Topic: void setInTime(java.util.Date)>
<co.yiiu.pybbs.model.Topic: void setModifyTime(java.util.Date)>
<co.yiiu.pybbs.model.Topic: void setUserId(java.lang.Integer)>
<co.yiiu.pybbs.model.Topic: void setCommentCount(java.lang.Integer)>
<co.yiiu.pybbs.model.Topic: void setView(java.lang.Integer)>
<co.yiiu.pybbs.model.Topic: void setTop(java.lang.Boolean)>
<co.yiiu.pybbs.model.Topic: void setGood(java.lang.Boolean)>
<co.yiiu.pybbs.service.impl.PermissionService: java.util.List selectByRoleId(java.lang.Integer)>
<co.yiiu.pybbs.service.impl.PermissionService: java.util.List selectByPid(java.lang.Integer)>
<co.yiiu.pybbs.service.impl.PermissionService: co.yiiu.pybbs.model.Permission insert(co.yiiu.pybbs.model.Permission)>
<co.yiiu.pybbs.service.impl.PermissionService: co.yiiu.pybbs.model.Permission update(co.yiiu.pybbs.model.Permission)>
<co.yiiu.pybbs.service.impl.PermissionService: void delete(java.lang.Integer)>
<co.yiiu.pybbs.service.impl.PermissionService: java.lang.Object $deserializeLambda$(java.lang.invoke.SerializedLambda)>
<co.yiiu.pybbs.service.impl.PermissionService: void lambda$delete$1(co.yiiu.pybbs.model.Permission)>
<co.yiiu.pybbs.service.impl.PermissionService: void lambda$selectAll$0(java.util.Map,co.yiiu.pybbs.model.Permission)>
<co.yiiu.pybbs.model.SystemConfig: void setId(java.lang.Integer)>
<co.yiiu.pybbs.model.SystemConfig: void setPid(java.lang.Integer)>
<co.yiiu.pybbs.model.SystemConfig: void setKey(java.lang.String)>
<co.yiiu.pybbs.model.SystemConfig: void setValue(java.lang.String)>
<co.yiiu.pybbs.model.SystemConfig: void setDescription(java.lang.String)>
<co.yiiu.pybbs.model.SystemConfig: void setType(java.lang.String)>
<co.yiiu.pybbs.model.SystemConfig: void setOption(java.lang.String)>
<co.yiiu.pybbs.model.SystemConfig: void setReboot(java.lang.String)>
<co.yiiu.pybbs.model.AdminUser: void setId(java.lang.Integer)>
<co.yiiu.pybbs.model.AdminUser: void setUsername(java.lang.String)>
<co.yiiu.pybbs.model.AdminUser: void setRoleId(java.lang.Integer)>
<co.yiiu.pybbs.util.MarkdownUtil$MyAttributeProvider: void setAttributes(org.commonmark.node.Node,java.lang.String,java.util.Map)>
<co.yiiu.pybbs.exception.ApiAssert: void isNull(java.lang.Object,int,java.lang.String)>
<co.yiiu.pybbs.exception.ApiAssert: void notNull(java.lang.Object,int,java.lang.String)>
<co.yiiu.pybbs.exception.ApiAssert: void isTrue(boolean,int,java.lang.String)>
<co.yiiu.pybbs.exception.ApiAssert: void notTrue(boolean,int,java.lang.String)>
<co.yiiu.pybbs.exception.ApiAssert: void isEmpty(java.lang.String,java.lang.String)>
<co.yiiu.pybbs.exception.ApiAssert: void isEmpty(java.lang.String,int,java.lang.String)>
<co.yiiu.pybbs.exception.ApiAssert: void notEmpty(java.lang.String,int,java.lang.String)>
<co.yiiu.pybbs.model.RolePermission: void setRoleId(java.lang.Integer)>
<co.yiiu.pybbs.model.RolePermission: void setPermissionId(java.lang.Integer)>
<co.yiiu.pybbs.config.service.SmsService: boolean sendSms(java.lang.String,java.lang.String)>
<co.yiiu.pybbs.service.impl.AdminUserService: co.yiiu.pybbs.model.AdminUser selectByUsername(java.lang.String)>
<co.yiiu.pybbs.service.impl.AdminUserService: void update(co.yiiu.pybbs.model.AdminUser)>
<co.yiiu.pybbs.service.impl.AdminUserService: void insert(co.yiiu.pybbs.model.AdminUser)>
<co.yiiu.pybbs.service.impl.AdminUserService: void delete(java.lang.Integer)>
<co.yiiu.pybbs.service.impl.AdminUserService: co.yiiu.pybbs.model.AdminUser selectById(java.lang.Integer)>
<co.yiiu.pybbs.service.impl.AdminUserService: java.util.List selectByRoleId(java.lang.Integer)>
<co.yiiu.pybbs.service.impl.AdminUserService: java.lang.Object $deserializeLambda$(java.lang.invoke.SerializedLambda)>
<co.yiiu.pybbs.util.captcha.GifCaptcha: void <init>(int,int)>
<co.yiiu.pybbs.util.captcha.GifCaptcha: void <init>(int,int,int)>
<co.yiiu.pybbs.util.captcha.GifCaptcha: void <init>(int,int,int,java.awt.Font)>
<co.yiiu.pybbs.service.impl.SensitiveWordService: void update(co.yiiu.pybbs.model.SensitiveWord)>
<co.yiiu.pybbs.service.impl.SensitiveWordService: java.lang.Object $deserializeLambda$(java.lang.invoke.SerializedLambda)>
<co.yiiu.pybbs.config.websocket.MyWebSocket: void bind(co.yiiu.pybbs.util.Message,javax.websocket.Session)>
<co.yiiu.pybbs.config.websocket.MyWebSocket: void fetchNotReadCount(co.yiiu.pybbs.util.Message,javax.websocket.Session)>
<co.yiiu.pybbs.config.websocket.MyWebSocket: javax.websocket.Session selectSessionByUserId(java.lang.Integer)>
<co.yiiu.pybbs.config.websocket.MyWebSocket: void emit(java.lang.Integer,co.yiiu.pybbs.util.Message)>
<co.yiiu.pybbs.config.websocket.MyWebSocket: boolean lambda$selectSessionByUserId$0(java.lang.Integer,java.util.Map$Entry)>
<co.yiiu.pybbs.util.FileUtil: java.lang.String getFileMD5(java.io.InputStream)>
<co.yiiu.pybbs.util.FileUtil: java.lang.String upload(org.springframework.web.multipart.MultipartFile,java.lang.String,java.lang.String)>
<co.yiiu.pybbs.util.FileUtil: java.lang.String ossUpload(org.springframework.web.multipart.MultipartFile,java.lang.String,java.lang.String)>
<co.yiiu.pybbs.util.FileUtil: java.lang.String generatorOssUrl(java.lang.String)>
<co.yiiu.pybbs.util.FileUtil: java.lang.String qiniuUpload(org.springframework.web.multipart.MultipartFile,java.lang.String,java.lang.String)>
<co.yiiu.pybbs.util.captcha.GifEncoder: void setDispose(int)>
<co.yiiu.pybbs.util.captcha.GifEncoder: void setTransparent(java.awt.Color)>
<co.yiiu.pybbs.util.captcha.GifEncoder: void setFrameRate(float)>
<co.yiiu.pybbs.util.captcha.GifEncoder: boolean start(java.lang.String)>
<co.yiiu.pybbs.plugin.SocialPlugin: me.zhyd.oauth.config.AuthConfig getConfig(java.lang.String)>
<co.yiiu.pybbs.plugin.SocialPlugin: me.zhyd.oauth.request.AuthRequest getRequest(java.lang.String)>
<co.yiiu.pybbs.service.impl.OAuthUserService: co.yiiu.pybbs.model.OAuthUser selectByTypeAndLogin(java.lang.String,java.lang.String)>
<co.yiiu.pybbs.service.impl.OAuthUserService: java.util.List selectByUserId(java.lang.Integer)>
<co.yiiu.pybbs.service.impl.OAuthUserService: void addOAuthUser(java.lang.Integer,java.lang.String,java.lang.String,java.lang.String,java.lang.String,java.lang.String,java.lang.Integer,java.lang.String,java.lang.String,java.lang.String)>
<co.yiiu.pybbs.service.impl.OAuthUserService: void update(co.yiiu.pybbs.model.OAuthUser)>
<co.yiiu.pybbs.service.impl.OAuthUserService: java.lang.Object $deserializeLambda$(java.lang.invoke.SerializedLambda)>
<co.yiiu.pybbs.util.StringUtil: java.lang.String randomString(int)>
<co.yiiu.pybbs.util.StringUtil: java.lang.String randomNumber(int)>
<co.yiiu.pybbs.util.StringUtil: boolean isUUID(java.lang.String)>
<co.yiiu.pybbs.util.StringUtil: java.util.Map formatParams(java.lang.String)>
<co.yiiu.pybbs.util.StringUtil: java.util.List fetchAtUser(java.lang.String)>
<co.yiiu.pybbs.util.StringUtil: java.util.Set removeEmpty(java.lang.String[])>
<co.yiiu.pybbs.plugin.ElasticSearchService: boolean createIndex(java.lang.String,org.elasticsearch.common.xcontent.XContentBuilder)>
<co.yiiu.pybbs.plugin.ElasticSearchService: void createDocument(java.lang.String,java.lang.String,java.util.Map)>
<co.yiiu.pybbs.plugin.ElasticSearchService: void updateDocument(java.lang.String,java.lang.String,java.util.Map)>
<co.yiiu.pybbs.plugin.ElasticSearchService: void deleteDocument(java.lang.String,java.lang.String)>
<co.yiiu.pybbs.plugin.ElasticSearchService: void bulkDocument(java.lang.String,java.util.Map)>
<co.yiiu.pybbs.plugin.ElasticSearchService: void bulkDeleteDocument(java.lang.String,java.util.List)>
<co.yiiu.pybbs.plugin.ElasticSearchService: co.yiiu.pybbs.util.MyPage searchDocument(java.lang.Integer,java.lang.Integer,java.lang.String,java.lang.String[])>
<co.yiiu.pybbs.plugin.ElasticSearchService: java.util.Map lambda$searchDocument$0(org.elasticsearch.search.SearchHit)>
<co.yiiu.pybbs.model.TopicTag: void setTagId(java.lang.Integer)>
<co.yiiu.pybbs.model.TopicTag: void setTopicId(java.lang.Integer)>
<co.yiiu.pybbs.model.vo.CommentsByTopic: void setUsername(java.lang.String)>
<co.yiiu.pybbs.model.vo.CommentsByTopic: void setAvatar(java.lang.String)>
<co.yiiu.pybbs.model.vo.CommentsByTopic: void setLayer(java.lang.Integer)>
<co.yiiu.pybbs.model.vo.CommentsByTopic: void setChildren(java.util.LinkedHashMap)>
<co.yiiu.pybbs.config.realm.MyCredentialsMatcher: boolean doCredentialsMatch(org.apache.shiro.authc.AuthenticationToken,org.apache.shiro.authc.AuthenticationInfo)>
<co.yiiu.pybbs.config.websocket.MessageEncoder: java.lang.String encode(co.yiiu.pybbs.util.Message)>
<co.yiiu.pybbs.config.websocket.MessageEncoder: void init(javax.websocket.EndpointConfig)>
<co.yiiu.pybbs.config.ServerRunner: void run(java.lang.String[])>
<co.yiiu.pybbs.util.MD5Util: java.lang.String getMD5StringWithSalt(java.lang.String,java.lang.String)>
<co.yiiu.pybbs.util.MD5Util: java.lang.String getMD5String(java.lang.String)>
<co.yiiu.pybbs.util.MD5Util: java.lang.String getMD5String(byte[])>
<co.yiiu.pybbs.util.MD5Util: java.lang.String bufferToHex(byte[])>
<co.yiiu.pybbs.util.MD5Util: java.lang.String bufferToHex(byte[],int,int)>
<co.yiiu.pybbs.util.MD5Util: void appendHexPair(byte,java.lang.StringBuffer)>
<co.yiiu.pybbs.util.MD5Util: java.lang.String hexdigest(byte[])>
<co.yiiu.pybbs.model.Comment: void setUpIds(java.lang.String)>
<co.yiiu.pybbs.model.Comment: void setId(java.lang.Integer)>
<co.yiiu.pybbs.util.DateUtil: java.lang.String formatDateTime(java.util.Date)>
<co.yiiu.pybbs.util.DateUtil: java.lang.String formatDate(java.util.Date)>
<co.yiiu.pybbs.util.DateUtil: java.lang.String formatDateTime(java.util.Date,java.lang.String)>
<co.yiiu.pybbs.util.DateUtil: java.util.Date string2Date(java.lang.String,java.lang.String)>
<co.yiiu.pybbs.util.DateUtil: boolean isExpire(java.util.Date)>
<co.yiiu.pybbs.util.DateUtil: java.util.Date getHourAfter(java.util.Date,int)>
<co.yiiu.pybbs.util.DateUtil: java.util.Date getHourBefore(java.util.Date,int)>
<co.yiiu.pybbs.util.DateUtil: java.util.Date getDateBefore(java.util.Date,int)>
<co.yiiu.pybbs.util.DateUtil: java.util.Date getDateAfter(java.util.Date,int)>
<co.yiiu.pybbs.util.DateUtil: java.util.Date getMinuteAfter(java.util.Date,int)>
<co.yiiu.pybbs.util.DateUtil: java.util.Date getMinuteBefore(java.util.Date,int)>
<co.yiiu.pybbs.util.SpringContextUtil: java.lang.Object getBean(java.lang.String)>
<co.yiiu.pybbs.util.SpringContextUtil: java.lang.Object getBean(java.lang.String,java.lang.Class)>
<co.yiiu.pybbs.util.SpringContextUtil: boolean containsBean(java.lang.String)>
<co.yiiu.pybbs.util.SpringContextUtil: boolean isSingleton(java.lang.String)>
<co.yiiu.pybbs.util.SpringContextUtil: java.lang.Class getType(java.lang.String)>
<co.yiiu.pybbs.util.identicon.Identicon: java.awt.image.BufferedImage create(java.lang.String,int)>
<co.yiiu.pybbs.util.identicon.Identicon: java.lang.String imgToBase64String(java.awt.image.RenderedImage,java.lang.String)>
<co.yiiu.pybbs.util.identicon.Identicon: java.lang.String generator(java.lang.String)>
<co.yiiu.pybbs.util.identicon.Identicon: java.lang.String saveFile(java.lang.String,java.awt.image.BufferedImage)>
<co.yiiu.pybbs.service.impl.RoleService: co.yiiu.pybbs.model.Role selectById(java.lang.Integer)>
<co.yiiu.pybbs.service.impl.RoleService: void insert(java.lang.String,java.lang.Integer[])>
<co.yiiu.pybbs.service.impl.RoleService: void update(java.lang.Integer,java.lang.String,java.lang.Integer[])>
<co.yiiu.pybbs.service.impl.RoleService: void insertRolePermissions(co.yiiu.pybbs.model.Role,java.lang.Integer[])>
<co.yiiu.pybbs.service.impl.RoleService: void delete(java.lang.Integer)>
<co.yiiu.pybbs.model.Collect: void setTopicId(java.lang.Integer)>
<co.yiiu.pybbs.model.Collect: void setUserId(java.lang.Integer)>
<co.yiiu.pybbs.model.Collect: void setInTime(java.util.Date)>
<co.yiiu.pybbs.service.impl.TagService: void selectTagsByTopicId(co.yiiu.pybbs.util.MyPage)>
<co.yiiu.pybbs.service.impl.TagService: co.yiiu.pybbs.model.Tag selectById(java.lang.Integer)>
<co.yiiu.pybbs.service.impl.TagService: co.yiiu.pybbs.model.Tag selectByName(java.lang.String)>
<co.yiiu.pybbs.service.impl.TagService: java.util.List selectByIds(java.util.List)>
<co.yiiu.pybbs.service.impl.TagService: java.util.List selectByTopicId(java.lang.Integer)>
<co.yiiu.pybbs.service.impl.TagService: java.util.List insertTag(java.lang.String)>
<co.yiiu.pybbs.service.impl.TagService: void reduceTopicCount(java.lang.Integer)>
<co.yiiu.pybbs.service.impl.TagService: co.yiiu.pybbs.util.MyPage selectTopicByTagId(java.lang.Integer,java.lang.Integer)>
<co.yiiu.pybbs.service.impl.TagService: com.baomidou.mybatisplus.core.metadata.IPage selectAll(java.lang.Integer,java.lang.Integer,java.lang.String)>
<co.yiiu.pybbs.service.impl.TagService: void update(co.yiiu.pybbs.model.Tag)>
<co.yiiu.pybbs.service.impl.TagService: void delete(java.lang.Integer)>
<co.yiiu.pybbs.service.impl.TagService: java.lang.Object $deserializeLambda$(java.lang.invoke.SerializedLambda)>
<co.yiiu.pybbs.service.impl.TagService: void lambda$async$2(co.yiiu.pybbs.model.Tag)>
<co.yiiu.pybbs.service.impl.TagService: void lambda$reduceTopicCount$1(co.yiiu.pybbs.model.Tag)>
<co.yiiu.pybbs.service.impl.TagService: void lambda$selectTagsByTopicId$0(java.util.Map)>
<co.yiiu.pybbs.util.LocaleMessageSourceUtil: java.lang.String getMessage(java.lang.String)>
<co.yiiu.pybbs.util.LocaleMessageSourceUtil: java.lang.String getMessage(java.lang.String,java.lang.Object[])>
<co.yiiu.pybbs.util.LocaleMessageSourceUtil: java.lang.String getMessage(java.lang.String,java.lang.Object[],java.lang.String)>
<co.yiiu.pybbs.service.impl.TopicService: co.yiiu.pybbs.util.MyPage search(java.lang.Integer,java.lang.Integer,java.lang.String)>
<co.yiiu.pybbs.service.impl.TopicService: co.yiiu.pybbs.util.MyPage selectAll(java.lang.Integer,java.lang.String)>
<co.yiiu.pybbs.service.impl.TopicService: java.util.List selectAuthorOtherTopic(java.lang.Integer,java.lang.Integer,java.lang.Integer)>
<co.yiiu.pybbs.service.impl.TopicService: co.yiiu.pybbs.util.MyPage selectByUserId(java.lang.Integer,java.lang.Integer,java.lang.Integer)>
<co.yiiu.pybbs.service.impl.TopicService: co.yiiu.pybbs.model.Topic insert(java.lang.String,java.lang.String,java.lang.String,co.yiiu.pybbs.model.User)>
<co.yiiu.pybbs.service.impl.TopicService: co.yiiu.pybbs.model.Topic selectById(java.lang.Integer)>
<co.yiiu.pybbs.service.impl.TopicService: co.yiiu.pybbs.model.Topic selectByTitle(java.lang.String)>
<co.yiiu.pybbs.service.impl.TopicService: co.yiiu.pybbs.model.Topic updateViewCount(co.yiiu.pybbs.model.Topic,java.lang.String)>
<co.yiiu.pybbs.service.impl.TopicService: void update(co.yiiu.pybbs.model.Topic,java.lang.String)>
<co.yiiu.pybbs.service.impl.TopicService: void delete(co.yiiu.pybbs.model.Topic)>
<co.yiiu.pybbs.service.impl.TopicService: void deleteByUserId(java.lang.Integer)>
<co.yiiu.pybbs.service.impl.TopicService: co.yiiu.pybbs.util.MyPage selectAllForAdmin(java.lang.Integer,java.lang.String,java.lang.String,java.lang.String)>
<co.yiiu.pybbs.service.impl.TopicService: int vote(co.yiiu.pybbs.model.Topic,co.yiiu.pybbs.model.User)>
<co.yiiu.pybbs.service.impl.TopicService: java.lang.Object $deserializeLambda$(java.lang.invoke.SerializedLambda)>
<co.yiiu.pybbs.service.impl.TopicService: void lambda$deleteByUserId$0(co.yiiu.pybbs.model.Topic)>
<co.yiiu.pybbs.config.websocket.MessageDecoder: co.yiiu.pybbs.util.Message decode(java.lang.String)>
<co.yiiu.pybbs.config.websocket.MessageDecoder: boolean willDecode(java.lang.String)>
<co.yiiu.pybbs.config.websocket.MessageDecoder: void init(javax.websocket.EndpointConfig)>
<co.yiiu.pybbs.service.impl.IndexedService: void indexAllTopic()>
<co.yiiu.pybbs.service.impl.IndexedService: void batchDeleteIndex()>
<co.yiiu.pybbs.config.service.EmailService: javax.mail.Session instance()>
<co.yiiu.pybbs.config.service.EmailService: java.lang.Object instance()>
<co.yiiu.pybbs.PybbsApplication: void <init>()>
<co.yiiu.pybbs.util.identicon.generator.impl.MyGenerator: java.awt.Color getBackgroundColor()>
<co.yiiu.pybbs.util.identicon.generator.impl.MyGenerator: java.awt.Color getForegroundColor()>
<co.yiiu.pybbs.util.SensitiveWordUtil: void <init>()>
<co.yiiu.pybbs.util.captcha.Streams: void <init>()>
<co.yiiu.pybbs.service.impl.CommentService: int countToday()>
<co.yiiu.pybbs.util.Message: void <init>()>
<co.yiiu.pybbs.util.Message: java.lang.String getType()>
<co.yiiu.pybbs.util.Message: java.lang.Object getPayload()>
<co.yiiu.pybbs.util.MyPage: void <init>()>
<co.yiiu.pybbs.util.MyPage: long getPages()>
<co.yiiu.pybbs.util.MyPage: boolean hasPrevious()>
<co.yiiu.pybbs.util.MyPage: boolean hasNext()>
<co.yiiu.pybbs.util.MyPage: java.util.List getRecords()>
<co.yiiu.pybbs.util.MyPage: long getTotal()>
<co.yiiu.pybbs.util.MyPage: long getSize()>
<co.yiiu.pybbs.util.MyPage: long getCurrent()>
<co.yiiu.pybbs.util.MyPage: java.lang.String[] ascs()>
<co.yiiu.pybbs.util.MyPage: java.lang.String[] descs()>
<co.yiiu.pybbs.util.MyPage: boolean optimizeCountSql()>
<co.yiiu.pybbs.util.MyPage: boolean isSearchCount()>
<co.yiiu.pybbs.model.Role: void <init>()>
<co.yiiu.pybbs.model.Role: java.lang.Integer getId()>
<co.yiiu.pybbs.model.Role: java.lang.String getName()>
<co.yiiu.pybbs.config.service.EmailService$1: javax.mail.PasswordAuthentication getPasswordAuthentication()>
<co.yiiu.pybbs.model.Notification: void <init>()>
<co.yiiu.pybbs.model.Notification: java.lang.String getContent()>
<co.yiiu.pybbs.model.Notification: java.lang.Integer getId()>
<co.yiiu.pybbs.model.Notification: java.lang.Integer getTopicId()>
<co.yiiu.pybbs.model.Notification: java.lang.Integer getUserId()>
<co.yiiu.pybbs.model.Notification: java.lang.Integer getTargetUserId()>
<co.yiiu.pybbs.model.Notification: java.lang.String getAction()>
<co.yiiu.pybbs.model.Notification: java.util.Date getInTime()>
<co.yiiu.pybbs.model.Notification: java.lang.Boolean getRead()>
<co.yiiu.pybbs.service.impl.UserService: java.lang.String generateToken()>
<co.yiiu.pybbs.service.impl.UserService: java.lang.String generateUsername()>
<co.yiiu.pybbs.service.impl.UserService: int countToday()>
<co.yiiu.pybbs.util.CookieUtil: void <clinit>()>
<co.yiiu.pybbs.model.Code: void <init>()>
<co.yiiu.pybbs.model.Code: java.lang.Integer getUserId()>
<co.yiiu.pybbs.model.Code: java.lang.Integer getId()>
<co.yiiu.pybbs.model.Code: java.lang.String getCode()>
<co.yiiu.pybbs.model.Code: java.util.Date getInTime()>
<co.yiiu.pybbs.model.Code: java.util.Date getExpireTime()>
<co.yiiu.pybbs.model.Code: java.lang.String getEmail()>
<co.yiiu.pybbs.model.Code: java.lang.String getMobile()>
<co.yiiu.pybbs.model.Code: java.lang.Boolean getUsed()>
<co.yiiu.pybbs.util.captcha.SpecCaptcha: void <init>()>
<co.yiiu.pybbs.service.impl.SystemConfigService: java.util.Map selectAllConfig()>
<co.yiiu.pybbs.service.impl.SystemConfigService: java.util.Map selectAll()>
<co.yiiu.pybbs.util.MarkdownUtil: void <init>()>
<co.yiiu.pybbs.plugin.FileUploadPlugin$UploadPlatForm: co.yiiu.pybbs.plugin.FileUploadPlugin$UploadPlatForm[] values()>
<co.yiiu.pybbs.model.Tag: void <init>()>
<co.yiiu.pybbs.model.Tag: java.util.Date getInTime()>
<co.yiiu.pybbs.model.Tag: java.lang.Integer getId()>
<co.yiiu.pybbs.model.Tag: java.lang.String getDescription()>
<co.yiiu.pybbs.model.Tag: java.lang.String getIcon()>
<co.yiiu.pybbs.model.Tag: java.lang.Integer getTopicCount()>
<co.yiiu.pybbs.config.ShiroTag: boolean isAuthenticated()>
<co.yiiu.pybbs.config.ShiroTag: java.lang.String getPrincipal()>
<co.yiiu.pybbs.service.impl.CodeService: java.lang.String generateToken()>
<co.yiiu.pybbs.util.HashUtil: void <init>()>
<co.yiiu.pybbs.util.HashUtil: void <clinit>()>
<co.yiiu.pybbs.util.identicon.generator.impl.DefaultGenerator: void <init>()>
<co.yiiu.pybbs.util.identicon.generator.impl.DefaultGenerator: java.awt.Color getBackgroundColor()>
<co.yiiu.pybbs.util.identicon.generator.impl.DefaultGenerator: java.awt.Color getForegroundColor()>
<co.yiiu.pybbs.util.captcha.Captcha: java.awt.Font getFont()>
<co.yiiu.pybbs.util.captcha.Captcha: int getLen()>
<co.yiiu.pybbs.util.captcha.Captcha: int getWidth()>
<co.yiiu.pybbs.util.captcha.Captcha: int getHeight()>
<co.yiiu.pybbs.util.Constants: void <init>()>
<co.yiiu.pybbs.model.vo.UserWithWebSocketVO: void <init>()>
<co.yiiu.pybbs.model.vo.UserWithWebSocketVO: java.lang.String getUsername()>
<co.yiiu.pybbs.model.vo.UserWithWebSocketVO: java.lang.Integer getUserId()>
<co.yiiu.pybbs.util.captcha.Randoms: void <init>()>
<co.yiiu.pybbs.plugin.RedisService: redis.clients.jedis.JedisPool instance()>
<co.yiiu.pybbs.plugin.RedisService: boolean isRedisConfig()>
<co.yiiu.pybbs.plugin.RedisService: java.lang.Object instance()>
<co.yiiu.pybbs.util.JsonUtil: void <init>()>
<co.yiiu.pybbs.model.SensitiveWord: java.lang.Integer getId()>
<co.yiiu.pybbs.model.Permission: java.lang.Integer getId()>
<co.yiiu.pybbs.model.Permission: java.lang.String getName()>
<co.yiiu.pybbs.model.Permission: java.lang.String getValue()>
<co.yiiu.pybbs.model.Permission: java.lang.Integer getPid()>
<co.yiiu.pybbs.model.User: java.lang.String getTelegramName()>
<co.yiiu.pybbs.model.User: java.lang.String getAvatar()>
<co.yiiu.pybbs.model.User: java.lang.String getWebsite()>
<co.yiiu.pybbs.model.User: java.lang.String getBio()>
<co.yiiu.pybbs.model.User: java.lang.Integer getId()>
<co.yiiu.pybbs.model.User: java.lang.String getUsername()>
<co.yiiu.pybbs.model.User: java.lang.String getEmail()>
<co.yiiu.pybbs.model.User: java.lang.Integer getScore()>
<co.yiiu.pybbs.model.User: java.util.Date getInTime()>
<co.yiiu.pybbs.model.User: java.lang.Boolean getActive()>
<co.yiiu.pybbs.model.User: java.lang.String getMobile()>
<co.yiiu.pybbs.model.OAuthUser: java.lang.Integer getId()>
<co.yiiu.pybbs.model.OAuthUser: java.lang.Integer getOauthId()>
<co.yiiu.pybbs.model.OAuthUser: java.lang.String getAccessToken()>
<co.yiiu.pybbs.model.OAuthUser: java.util.Date getInTime()>
<co.yiiu.pybbs.model.OAuthUser: java.lang.String getBio()>
<co.yiiu.pybbs.model.OAuthUser: java.lang.String getEmail()>
<co.yiiu.pybbs.model.OAuthUser: java.lang.Integer getUserId()>
<co.yiiu.pybbs.model.OAuthUser: java.lang.String getRefreshToken()>
<co.yiiu.pybbs.model.OAuthUser: java.lang.String getUnionId()>
<co.yiiu.pybbs.model.OAuthUser: java.lang.String getExpiresIn()>
<co.yiiu.pybbs.model.Topic: void <init>()>
<co.yiiu.pybbs.model.Topic: java.lang.String getStyle()>
<co.yiiu.pybbs.model.Topic: java.lang.String getUpIds()>
<co.yiiu.pybbs.model.Topic: java.lang.Integer getCollectCount()>
<co.yiiu.pybbs.model.Topic: java.lang.String getTitle()>
<co.yiiu.pybbs.model.Topic: java.lang.String getContent()>
<co.yiiu.pybbs.model.Topic: java.util.Date getInTime()>
<co.yiiu.pybbs.model.Topic: java.util.Date getModifyTime()>
<co.yiiu.pybbs.model.Topic: java.lang.Integer getUserId()>
<co.yiiu.pybbs.model.Topic: java.lang.Integer getCommentCount()>
<co.yiiu.pybbs.model.Topic: java.lang.Integer getView()>
<co.yiiu.pybbs.model.Topic: java.lang.Boolean getTop()>
<co.yiiu.pybbs.model.Topic: java.lang.Boolean getGood()>
<co.yiiu.pybbs.service.impl.PermissionService: void clearRolePermissionCache()>
<co.yiiu.pybbs.service.impl.PermissionService: java.util.Map selectAll()>
<co.yiiu.pybbs.service.impl.PermissionService: void clearPermissionsCache()>
<co.yiiu.pybbs.service.impl.PermissionService: void <clinit>()>
<co.yiiu.pybbs.model.SystemConfig: java.lang.Integer getId()>
<co.yiiu.pybbs.model.SystemConfig: java.lang.Integer getPid()>
<co.yiiu.pybbs.model.SystemConfig: java.lang.String getKey()>
<co.yiiu.pybbs.model.SystemConfig: java.lang.String getValue()>
<co.yiiu.pybbs.model.SystemConfig: java.lang.String getDescription()>
<co.yiiu.pybbs.model.SystemConfig: java.lang.String getType()>
<co.yiiu.pybbs.model.SystemConfig: java.lang.String getOption()>
<co.yiiu.pybbs.model.SystemConfig: java.lang.String getReboot()>
<co.yiiu.pybbs.model.SystemConfig: java.lang.String toString()>
<co.yiiu.pybbs.model.AdminUser: java.lang.Integer getId()>
<co.yiiu.pybbs.model.AdminUser: java.util.Date getInTime()>
<co.yiiu.pybbs.model.AdminUser: java.lang.Integer getRoleId()>
<co.yiiu.pybbs.util.MarkdownUtil$MyAttributeProvider: void <init>()>
<co.yiiu.pybbs.plugin.RedisCachePlugin$RedisKeys: void <init>()>
<co.yiiu.pybbs.exception.ApiAssert: void <init>()>
<co.yiiu.pybbs.model.RolePermission: void <init>()>
<co.yiiu.pybbs.model.RolePermission: java.lang.Integer getRoleId()>
<co.yiiu.pybbs.model.RolePermission: java.lang.Integer getPermissionId()>
<co.yiiu.pybbs.config.service.SmsService: com.aliyuncs.IAcsClient instance()>
<co.yiiu.pybbs.service.impl.AdminUserService: java.util.List selectAll()>
<co.yiiu.pybbs.service.impl.SensitiveWordService: java.util.List selectAll()>
<co.yiiu.pybbs.config.websocket.MyWebSocket: void <clinit>()>
<co.yiiu.pybbs.util.captcha.GifEncoder: boolean outFlush()>
<co.yiiu.pybbs.util.captcha.GifEncoder: byte[] getFrameByteArray()>
<co.yiiu.pybbs.util.captcha.GifEncoder: void reset()>
<co.yiiu.pybbs.plugin.SocialPlugin: java.util.List getAllAvailableSocialPlatform()>
<co.yiiu.pybbs.util.StringUtil: void <init>()>
<co.yiiu.pybbs.plugin.ElasticSearchService: org.elasticsearch.client.RestHighLevelClient instance()>
<co.yiiu.pybbs.plugin.ElasticSearchService: boolean existIndex()>
<co.yiiu.pybbs.plugin.ElasticSearchService: boolean deleteIndex()>
<co.yiiu.pybbs.plugin.ElasticSearchService: java.lang.Object instance()>
<co.yiiu.pybbs.plugin.ElasticSearchService: void <clinit>()>
<co.yiiu.pybbs.model.TopicTag: void <init>()>
<co.yiiu.pybbs.model.TopicTag: long getSerialVersionUID()>
<co.yiiu.pybbs.model.TopicTag: java.lang.Integer getTagId()>
<co.yiiu.pybbs.model.TopicTag: java.lang.Integer getTopicId()>
<co.yiiu.pybbs.model.vo.CommentsByTopic: java.lang.String getUsername()>
<co.yiiu.pybbs.model.vo.CommentsByTopic: java.lang.String getAvatar()>
<co.yiiu.pybbs.model.vo.CommentsByTopic: java.lang.Integer getLayer()>
<co.yiiu.pybbs.model.vo.CommentsByTopic: java.util.LinkedHashMap getChildren()>
<co.yiiu.pybbs.config.websocket.MessageEncoder: void <init>()>
<co.yiiu.pybbs.config.websocket.MessageEncoder: void destroy()>
<co.yiiu.pybbs.util.MD5Util: void <init>()>
<co.yiiu.pybbs.util.MD5Util: void <clinit>()>
<co.yiiu.pybbs.model.Comment: java.lang.String getStyle()>
<co.yiiu.pybbs.model.Comment: java.lang.String getUpIds()>
<co.yiiu.pybbs.model.Comment: java.lang.Integer getId()>
<co.yiiu.pybbs.model.Comment: java.lang.Integer getTopicId()>
<co.yiiu.pybbs.model.Comment: java.lang.Integer getUserId()>
<co.yiiu.pybbs.model.Comment: java.lang.String getContent()>
<co.yiiu.pybbs.model.Comment: java.util.Date getInTime()>
<co.yiiu.pybbs.model.Comment: java.lang.Integer getCommentId()>
<co.yiiu.pybbs.util.Result: java.lang.Integer getCode()>
<co.yiiu.pybbs.util.Result: java.lang.String getDescription()>
<co.yiiu.pybbs.util.Result: java.lang.Object getDetail()>
<co.yiiu.pybbs.util.DateUtil: void <init>()>
<co.yiiu.pybbs.util.identicon.Identicon: java.lang.String generator()>
<co.yiiu.pybbs.service.impl.RoleService: java.util.List selectAll()>
<co.yiiu.pybbs.model.Collect: void <init>()>
<co.yiiu.pybbs.model.Collect: java.lang.Integer getTopicId()>
<co.yiiu.pybbs.model.Collect: java.lang.Integer getUserId()>
<co.yiiu.pybbs.model.Collect: java.util.Date getInTime()>
<co.yiiu.pybbs.service.impl.TagService: void async()>
<co.yiiu.pybbs.service.impl.TagService: int countToday()>
<co.yiiu.pybbs.service.impl.TopicService: int countToday()>
<co.yiiu.pybbs.config.websocket.MessageDecoder: void <init>()>
<co.yiiu.pybbs.config.websocket.MessageDecoder: void destroy()>
