<ltd.newbee.mall.controller.common.CommonController: void defaultKaptcha(javax.servlet.http.HttpServletRequest,javax.servlet.http.HttpServletResponse)>
<ltd.newbee.mall.controller.common.CommonController: void mallKaptcha(javax.servlet.http.HttpServletRequest,javax.servlet.http.HttpServletResponse)>
<ltd.newbee.mall.controller.common.UploadController: ltd.newbee.mall.util.Result upload(javax.servlet.http.HttpServletRequest,org.springframework.web.multipart.MultipartFile)>
<ltd.newbee.mall.controller.common.UploadController: ltd.newbee.mall.util.Result uploadV2(javax.servlet.http.HttpServletRequest)>
<ltd.newbee.mall.interceptor.AdminLoginInterceptor: boolean preHandle(javax.servlet.http.HttpServletRequest,javax.servlet.http.HttpServletResponse,java.lang.Object)>
<ltd.newbee.mall.interceptor.AdminLoginInterceptor: void postHandle(javax.servlet.http.HttpServletRequest,javax.servlet.http.HttpServletResponse,java.lang.Object,org.springframework.web.servlet.ModelAndView)>
<ltd.newbee.mall.interceptor.AdminLoginInterceptor: void afterCompletion(javax.servlet.http.HttpServletRequest,javax.servlet.http.HttpServletResponse,java.lang.Object,java.lang.Exception)>
<ltd.newbee.mall.interceptor.NewBeeMallCartNumberInterceptor: boolean preHandle(javax.servlet.http.HttpServletRequest,javax.servlet.http.HttpServletResponse,java.lang.Object)>
<ltd.newbee.mall.interceptor.NewBeeMallCartNumberInterceptor: void postHandle(javax.servlet.http.HttpServletRequest,javax.servlet.http.HttpServletResponse,java.lang.Object,org.springframework.web.servlet.ModelAndView)>
<ltd.newbee.mall.interceptor.NewBeeMallCartNumberInterceptor: void afterCompletion(javax.servlet.http.HttpServletRequest,javax.servlet.http.HttpServletResponse,java.lang.Object,java.lang.Exception)>
<ltd.newbee.mall.interceptor.NewBeeMallLoginInterceptor: boolean preHandle(javax.servlet.http.HttpServletRequest,javax.servlet.http.HttpServletResponse,java.lang.Object)>
<ltd.newbee.mall.interceptor.NewBeeMallLoginInterceptor: void postHandle(javax.servlet.http.HttpServletRequest,javax.servlet.http.HttpServletResponse,java.lang.Object,org.springframework.web.servlet.ModelAndView)>
<ltd.newbee.mall.interceptor.NewBeeMallLoginInterceptor: void afterCompletion(javax.servlet.http.HttpServletRequest,javax.servlet.http.HttpServletResponse,java.lang.Object,java.lang.Exception)>
<ltd.newbee.mall.controller.admin.NewBeeMallOrderController: java.lang.String ordersPage(javax.servlet.http.HttpServletRequest)>
<ltd.newbee.mall.controller.admin.NewBeeMallOrderController: ltd.newbee.mall.util.Result list(java.util.Map)>
<ltd.newbee.mall.controller.admin.NewBeeMallOrderController: ltd.newbee.mall.util.Result update(ltd.newbee.mall.entity.NewBeeMallOrder)>
<ltd.newbee.mall.controller.admin.NewBeeMallOrderController: ltd.newbee.mall.util.Result info(java.lang.Long)>
<ltd.newbee.mall.controller.admin.NewBeeMallOrderController: ltd.newbee.mall.util.Result checkDone(java.lang.Long[])>
<ltd.newbee.mall.controller.admin.NewBeeMallOrderController: ltd.newbee.mall.util.Result checkOut(java.lang.Long[])>
<ltd.newbee.mall.controller.admin.NewBeeMallOrderController: ltd.newbee.mall.util.Result closeOrder(java.lang.Long[])>
<ltd.newbee.mall.controller.admin.NewBeeMallUserController: java.lang.String usersPage(javax.servlet.http.HttpServletRequest)>
<ltd.newbee.mall.controller.admin.NewBeeMallUserController: ltd.newbee.mall.util.Result list(java.util.Map)>
<ltd.newbee.mall.controller.admin.NewBeeMallUserController: ltd.newbee.mall.util.Result delete(java.lang.Integer[],int)>
<ltd.newbee.mall.controller.mall.OrderController: java.lang.String orderDetailPage(javax.servlet.http.HttpServletRequest,java.lang.String,javax.servlet.http.HttpSession)>
<ltd.newbee.mall.controller.mall.OrderController: java.lang.String orderListPage(java.util.Map,javax.servlet.http.HttpServletRequest,javax.servlet.http.HttpSession)>
<ltd.newbee.mall.controller.mall.OrderController: java.lang.String saveOrder(javax.servlet.http.HttpSession)>
<ltd.newbee.mall.controller.mall.OrderController: ltd.newbee.mall.util.Result cancelOrder(java.lang.String,javax.servlet.http.HttpSession)>
<ltd.newbee.mall.controller.mall.OrderController: ltd.newbee.mall.util.Result finishOrder(java.lang.String,javax.servlet.http.HttpSession)>
<ltd.newbee.mall.controller.mall.OrderController: java.lang.String selectPayType(javax.servlet.http.HttpServletRequest,java.lang.String,javax.servlet.http.HttpSession)>
<ltd.newbee.mall.controller.mall.OrderController: java.lang.String payOrder(javax.servlet.http.HttpServletRequest,java.lang.String,javax.servlet.http.HttpSession,int)>
<ltd.newbee.mall.controller.mall.OrderController: ltd.newbee.mall.util.Result paySuccess(java.lang.String,int)>
<ltd.newbee.mall.controller.admin.NewBeeMallGoodsController: java.lang.String goodsPage(javax.servlet.http.HttpServletRequest)>
<ltd.newbee.mall.controller.admin.NewBeeMallGoodsController: java.lang.String edit(javax.servlet.http.HttpServletRequest)>
<ltd.newbee.mall.controller.admin.NewBeeMallGoodsController: java.lang.String edit(javax.servlet.http.HttpServletRequest,java.lang.Long)>
<ltd.newbee.mall.controller.admin.NewBeeMallGoodsController: ltd.newbee.mall.util.Result list(java.util.Map)>
<ltd.newbee.mall.controller.admin.NewBeeMallGoodsController: ltd.newbee.mall.util.Result save(ltd.newbee.mall.entity.NewBeeMallGoods)>
<ltd.newbee.mall.controller.admin.NewBeeMallGoodsController: ltd.newbee.mall.util.Result update(ltd.newbee.mall.entity.NewBeeMallGoods)>
<ltd.newbee.mall.controller.admin.NewBeeMallGoodsController: ltd.newbee.mall.util.Result info(java.lang.Long)>
<ltd.newbee.mall.controller.admin.NewBeeMallGoodsController: ltd.newbee.mall.util.Result delete(java.lang.Long[],int)>
<ltd.newbee.mall.controller.admin.AdminController: java.lang.String login()>
<ltd.newbee.mall.controller.admin.AdminController: java.lang.String test()>
<ltd.newbee.mall.controller.admin.AdminController: java.lang.String index(javax.servlet.http.HttpServletRequest)>
<ltd.newbee.mall.controller.admin.AdminController: java.lang.String login(java.lang.String,java.lang.String,java.lang.String,javax.servlet.http.HttpSession)>
<ltd.newbee.mall.controller.admin.AdminController: java.lang.String profile(javax.servlet.http.HttpServletRequest)>
<ltd.newbee.mall.controller.admin.AdminController: java.lang.String passwordUpdate(javax.servlet.http.HttpServletRequest,java.lang.String,java.lang.String)>
<ltd.newbee.mall.controller.admin.AdminController: java.lang.String nameUpdate(javax.servlet.http.HttpServletRequest,java.lang.String,java.lang.String)>
<ltd.newbee.mall.controller.admin.AdminController: java.lang.String logout(javax.servlet.http.HttpServletRequest)>
<ltd.newbee.mall.controller.admin.NewBeeMallGoodsCategoryController: java.lang.String categoriesPage(javax.servlet.http.HttpServletRequest,java.lang.Byte,java.lang.Long,java.lang.Long)>
<ltd.newbee.mall.controller.admin.NewBeeMallGoodsCategoryController: ltd.newbee.mall.util.Result list(java.util.Map)>
<ltd.newbee.mall.controller.admin.NewBeeMallGoodsCategoryController: ltd.newbee.mall.util.Result listForSelect(java.lang.Long)>
<ltd.newbee.mall.controller.admin.NewBeeMallGoodsCategoryController: ltd.newbee.mall.util.Result save(ltd.newbee.mall.entity.GoodsCategory)>
<ltd.newbee.mall.controller.admin.NewBeeMallGoodsCategoryController: ltd.newbee.mall.util.Result update(ltd.newbee.mall.entity.GoodsCategory)>
<ltd.newbee.mall.controller.admin.NewBeeMallGoodsCategoryController: ltd.newbee.mall.util.Result info(java.lang.Long)>
<ltd.newbee.mall.controller.admin.NewBeeMallGoodsCategoryController: ltd.newbee.mall.util.Result delete(java.lang.Integer[])>
<ltd.newbee.mall.controller.mall.ShoppingCartController: java.lang.String cartListPage(javax.servlet.http.HttpServletRequest,javax.servlet.http.HttpSession)>
<ltd.newbee.mall.controller.mall.ShoppingCartController: ltd.newbee.mall.util.Result saveNewBeeMallShoppingCartItem(ltd.newbee.mall.entity.NewBeeMallShoppingCartItem,javax.servlet.http.HttpSession)>
<ltd.newbee.mall.controller.mall.ShoppingCartController: ltd.newbee.mall.util.Result updateNewBeeMallShoppingCartItem(ltd.newbee.mall.entity.NewBeeMallShoppingCartItem,javax.servlet.http.HttpSession)>
<ltd.newbee.mall.controller.mall.ShoppingCartController: ltd.newbee.mall.util.Result updateNewBeeMallShoppingCartItem(java.lang.Long,javax.servlet.http.HttpSession)>
<ltd.newbee.mall.controller.mall.ShoppingCartController: java.lang.String settlePage(javax.servlet.http.HttpServletRequest,javax.servlet.http.HttpSession)>
<ltd.newbee.mall.controller.common.NewBeeMallExceptionHandler: java.lang.Object handleException(java.lang.Exception,javax.servlet.http.HttpServletRequest)>
<ltd.newbee.mall.controller.mall.IndexController: java.lang.String indexPage(javax.servlet.http.HttpServletRequest)>
<ltd.newbee.mall.controller.mall.GoodsController: java.lang.String searchPage(java.util.Map,javax.servlet.http.HttpServletRequest)>
<ltd.newbee.mall.controller.mall.GoodsController: java.lang.String detailPage(java.lang.Long,javax.servlet.http.HttpServletRequest)>
<ltd.newbee.mall.controller.admin.NewBeeMallCarouselController: java.lang.String carouselPage(javax.servlet.http.HttpServletRequest)>
<ltd.newbee.mall.controller.admin.NewBeeMallCarouselController: ltd.newbee.mall.util.Result list(java.util.Map)>
<ltd.newbee.mall.controller.admin.NewBeeMallCarouselController: ltd.newbee.mall.util.Result save(ltd.newbee.mall.entity.Carousel)>
<ltd.newbee.mall.controller.admin.NewBeeMallCarouselController: ltd.newbee.mall.util.Result update(ltd.newbee.mall.entity.Carousel)>
<ltd.newbee.mall.controller.admin.NewBeeMallCarouselController: ltd.newbee.mall.util.Result info(java.lang.Integer)>
<ltd.newbee.mall.controller.admin.NewBeeMallCarouselController: ltd.newbee.mall.util.Result delete(java.lang.Integer[])>
<ltd.newbee.mall.controller.admin.NewBeeMallGoodsIndexConfigController: java.lang.String indexConfigsPage(javax.servlet.http.HttpServletRequest,int)>
<ltd.newbee.mall.controller.admin.NewBeeMallGoodsIndexConfigController: ltd.newbee.mall.util.Result list(java.util.Map)>
<ltd.newbee.mall.controller.admin.NewBeeMallGoodsIndexConfigController: ltd.newbee.mall.util.Result save(ltd.newbee.mall.entity.IndexConfig)>
<ltd.newbee.mall.controller.admin.NewBeeMallGoodsIndexConfigController: ltd.newbee.mall.util.Result update(ltd.newbee.mall.entity.IndexConfig)>
<ltd.newbee.mall.controller.admin.NewBeeMallGoodsIndexConfigController: ltd.newbee.mall.util.Result info(java.lang.Long)>
<ltd.newbee.mall.controller.admin.NewBeeMallGoodsIndexConfigController: ltd.newbee.mall.util.Result delete(java.lang.Long[])>
<ltd.newbee.mall.controller.mall.PersonalController: java.lang.String personalPage(javax.servlet.http.HttpServletRequest,javax.servlet.http.HttpSession)>
<ltd.newbee.mall.controller.mall.PersonalController: java.lang.String logout(javax.servlet.http.HttpSession)>
<ltd.newbee.mall.controller.mall.PersonalController: java.lang.String loginPage()>
<ltd.newbee.mall.controller.mall.PersonalController: java.lang.String registerPage()>
<ltd.newbee.mall.controller.mall.PersonalController: java.lang.String addressesPage()>
<ltd.newbee.mall.controller.mall.PersonalController: ltd.newbee.mall.util.Result login(java.lang.String,java.lang.String,java.lang.String,javax.servlet.http.HttpSession)>
<ltd.newbee.mall.controller.mall.PersonalController: ltd.newbee.mall.util.Result register(java.lang.String,java.lang.String,java.lang.String,javax.servlet.http.HttpSession)>
<ltd.newbee.mall.controller.mall.PersonalController: ltd.newbee.mall.util.Result updateInfo(ltd.newbee.mall.entity.MallUser,javax.servlet.http.HttpSession)>
<ltd.newbee.mall.service.impl.NewBeeMallOrderServiceImpl: java.lang.String updateOrderInfo(ltd.newbee.mall.entity.NewBeeMallOrder)>
<ltd.newbee.mall.service.impl.NewBeeMallOrderServiceImpl: java.lang.String checkDone(java.lang.Long[])>
<ltd.newbee.mall.service.impl.NewBeeMallOrderServiceImpl: java.lang.String checkOut(java.lang.Long[])>
<ltd.newbee.mall.service.impl.NewBeeMallOrderServiceImpl: java.lang.String closeOrder(java.lang.Long[])>
<ltd.newbee.mall.service.impl.NewBeeMallOrderServiceImpl: java.lang.String saveOrder(ltd.newbee.mall.controller.vo.NewBeeMallUserVO,java.util.List)>
<ltd.newbee.mall.common.ServiceResultEnum: void <init>(java.lang.String,int,java.lang.String)>
<ltd.newbee.mall.controller.vo.SearchPageCategoryVO: void setSecondLevelCategoryName(java.lang.String)>
<ltd.newbee.mall.controller.vo.SearchPageCategoryVO: void setThirdLevelCategoryList(java.util.List)>
<ltd.newbee.mall.controller.vo.SearchPageCategoryVO: void setCurrentCategoryName(java.lang.String)>
<ltd.newbee.mall.common.NewBeeMallOrderStatusEnum: void <init>(java.lang.String,int,int,java.lang.String)>
<ltd.newbee.mall.common.NewBeeMallOrderStatusEnum: ltd.newbee.mall.common.NewBeeMallOrderStatusEnum getNewBeeMallOrderStatusEnumByStatus(int)>
<ltd.newbee.mall.service.impl.AdminUserServiceImpl: ltd.newbee.mall.entity.AdminUser login(java.lang.String,java.lang.String)>
<ltd.newbee.mall.service.impl.AdminUserServiceImpl: ltd.newbee.mall.entity.AdminUser getUserDetailById(java.lang.Integer)>
<ltd.newbee.mall.service.impl.AdminUserServiceImpl: java.lang.Boolean updatePassword(java.lang.Integer,java.lang.String,java.lang.String)>
<ltd.newbee.mall.service.impl.AdminUserServiceImpl: java.lang.Boolean updateName(java.lang.Integer,java.lang.String,java.lang.String)>
<ltd.newbee.mall.util.PageQueryUtil: void <init>(java.util.Map)>
<ltd.newbee.mall.service.impl.NewBeeMallShoppingCartServiceImpl: java.lang.String saveNewBeeMallCartItem(ltd.newbee.mall.entity.NewBeeMallShoppingCartItem)>
<ltd.newbee.mall.service.impl.NewBeeMallShoppingCartServiceImpl: java.lang.String updateNewBeeMallCartItem(ltd.newbee.mall.entity.NewBeeMallShoppingCartItem)>
<ltd.newbee.mall.service.impl.NewBeeMallShoppingCartServiceImpl: java.lang.Boolean deleteById(java.lang.Long,java.lang.Long)>
<ltd.newbee.mall.service.impl.NewBeeMallShoppingCartServiceImpl: java.util.List getMyShoppingCartItems(java.lang.Long)>
<ltd.newbee.mall.service.impl.NewBeeMallShoppingCartServiceImpl: ltd.newbee.mall.entity.NewBeeMallGoods lambda$getMyShoppingCartItems$0(ltd.newbee.mall.entity.NewBeeMallGoods,ltd.newbee.mall.entity.NewBeeMallGoods)>
<ltd.newbee.mall.common.IndexConfigTypeEnum: void <init>(java.lang.String,int,int,java.lang.String)>
<ltd.newbee.mall.common.IndexConfigTypeEnum: ltd.newbee.mall.common.IndexConfigTypeEnum getIndexConfigTypeEnumByType(int)>
<ltd.newbee.mall.service.impl.NewBeeMallUserServiceImpl: ltd.newbee.mall.util.PageResult getNewBeeMallUsersPage(ltd.newbee.mall.util.PageQueryUtil)>
<ltd.newbee.mall.service.impl.NewBeeMallUserServiceImpl: java.lang.String register(java.lang.String,java.lang.String)>
<ltd.newbee.mall.service.impl.NewBeeMallUserServiceImpl: java.lang.String login(java.lang.String,java.lang.String,javax.servlet.http.HttpSession)>
<ltd.newbee.mall.service.impl.NewBeeMallUserServiceImpl: ltd.newbee.mall.controller.vo.NewBeeMallUserVO updateUserInfo(ltd.newbee.mall.entity.MallUser,javax.servlet.http.HttpSession)>
<ltd.newbee.mall.service.impl.NewBeeMallUserServiceImpl: java.lang.Boolean lockUsers(java.lang.Integer[],int)>
<ltd.newbee.mall.entity.IndexConfig: void setConfigId(java.lang.Long)>
<ltd.newbee.mall.entity.IndexConfig: void setConfigName(java.lang.String)>
<ltd.newbee.mall.entity.IndexConfig: void setConfigType(java.lang.Byte)>
<ltd.newbee.mall.entity.IndexConfig: void setGoodsId(java.lang.Long)>
<ltd.newbee.mall.entity.IndexConfig: void setRedirectUrl(java.lang.String)>
<ltd.newbee.mall.entity.IndexConfig: void setConfigRank(java.lang.Integer)>
<ltd.newbee.mall.entity.IndexConfig: void setIsDeleted(java.lang.Byte)>
<ltd.newbee.mall.entity.IndexConfig: void setCreateTime(java.util.Date)>
<ltd.newbee.mall.entity.IndexConfig: void setCreateUser(java.lang.Integer)>
<ltd.newbee.mall.entity.IndexConfig: void setUpdateTime(java.util.Date)>
<ltd.newbee.mall.entity.IndexConfig: void setUpdateUser(java.lang.Integer)>
<ltd.newbee.mall.entity.MallUser: void setUserId(java.lang.Long)>
<ltd.newbee.mall.entity.MallUser: void setNickName(java.lang.String)>
<ltd.newbee.mall.entity.MallUser: void setLoginName(java.lang.String)>
<ltd.newbee.mall.entity.MallUser: void setPasswordMd5(java.lang.String)>
<ltd.newbee.mall.entity.MallUser: void setIntroduceSign(java.lang.String)>
<ltd.newbee.mall.entity.MallUser: void setAddress(java.lang.String)>
<ltd.newbee.mall.entity.MallUser: void setIsDeleted(java.lang.Byte)>
<ltd.newbee.mall.entity.MallUser: void setLockedFlag(java.lang.Byte)>
<ltd.newbee.mall.entity.MallUser: void setCreateTime(java.util.Date)>
<ltd.newbee.mall.controller.common.ErrorPageController: void <init>(org.springframework.boot.web.servlet.error.ErrorAttributes)>
<ltd.newbee.mall.controller.common.ErrorPageController: org.springframework.web.servlet.ModelAndView resolveErrorView(javax.servlet.http.HttpServletRequest,org.springframework.http.HttpStatus,java.util.Map)>
<ltd.newbee.mall.controller.vo.SecondLevelCategoryVO: void setThirdLevelCategoryVOS(java.util.List)>
<ltd.newbee.mall.config.NeeBeeMallWebMvcConfigurer: void addInterceptors(org.springframework.web.servlet.config.annotation.InterceptorRegistry)>
<ltd.newbee.mall.config.NeeBeeMallWebMvcConfigurer: void addResourceHandlers(org.springframework.web.servlet.config.annotation.ResourceHandlerRegistry)>
<ltd.newbee.mall.service.impl.NewBeeMallCategoryServiceImpl: ltd.newbee.mall.util.PageResult getCategorisPage(ltd.newbee.mall.util.PageQueryUtil)>
<ltd.newbee.mall.service.impl.NewBeeMallCategoryServiceImpl: java.lang.String saveCategory(ltd.newbee.mall.entity.GoodsCategory)>
<ltd.newbee.mall.service.impl.NewBeeMallCategoryServiceImpl: java.lang.String updateGoodsCategory(ltd.newbee.mall.entity.GoodsCategory)>
<ltd.newbee.mall.service.impl.NewBeeMallCategoryServiceImpl: ltd.newbee.mall.entity.GoodsCategory getGoodsCategoryById(java.lang.Long)>
<ltd.newbee.mall.service.impl.NewBeeMallCategoryServiceImpl: java.lang.Boolean deleteBatch(java.lang.Integer[])>
<ltd.newbee.mall.service.impl.NewBeeMallCategoryServiceImpl: ltd.newbee.mall.controller.vo.SearchPageCategoryVO getCategoriesForSearch(java.lang.Long)>
<ltd.newbee.mall.service.impl.NewBeeMallCategoryServiceImpl: java.util.List selectByLevelAndParentIdsAndNumber(java.util.List,int)>
<ltd.newbee.mall.common.PayTypeEnum: void <init>(java.lang.String,int,int,java.lang.String)>
<ltd.newbee.mall.common.PayTypeEnum: ltd.newbee.mall.common.PayTypeEnum getPayTypeEnumByType(int)>
<ltd.newbee.mall.service.impl.NewBeeMallIndexConfigServiceImpl: ltd.newbee.mall.util.PageResult getConfigsPage(ltd.newbee.mall.util.PageQueryUtil)>
<ltd.newbee.mall.service.impl.NewBeeMallIndexConfigServiceImpl: java.lang.String saveIndexConfig(ltd.newbee.mall.entity.IndexConfig)>
<ltd.newbee.mall.service.impl.NewBeeMallIndexConfigServiceImpl: java.lang.String updateIndexConfig(ltd.newbee.mall.entity.IndexConfig)>
<ltd.newbee.mall.service.impl.NewBeeMallIndexConfigServiceImpl: ltd.newbee.mall.entity.IndexConfig getIndexConfigById(java.lang.Long)>
<ltd.newbee.mall.service.impl.NewBeeMallIndexConfigServiceImpl: java.util.List getConfigGoodsesForIndex(int,int)>
<ltd.newbee.mall.service.impl.NewBeeMallIndexConfigServiceImpl: java.lang.Boolean deleteBatch(java.lang.Long[])>
<ltd.newbee.mall.util.Result: void setResultCode(int)>
<ltd.newbee.mall.util.Result: void setMessage(java.lang.String)>
<ltd.newbee.mall.util.Result: void setData(java.lang.Object)>
<ltd.newbee.mall.service.impl.NewBeeMallGoodsServiceImpl: ltd.newbee.mall.util.PageResult getNewBeeMallGoodsPage(ltd.newbee.mall.util.PageQueryUtil)>
<ltd.newbee.mall.service.impl.NewBeeMallGoodsServiceImpl: java.lang.String saveNewBeeMallGoods(ltd.newbee.mall.entity.NewBeeMallGoods)>
<ltd.newbee.mall.service.impl.NewBeeMallGoodsServiceImpl: java.lang.String updateNewBeeMallGoods(ltd.newbee.mall.entity.NewBeeMallGoods)>
<ltd.newbee.mall.service.impl.NewBeeMallGoodsServiceImpl: ltd.newbee.mall.entity.NewBeeMallGoods getNewBeeMallGoodsById(java.lang.Long)>
<ltd.newbee.mall.service.impl.NewBeeMallGoodsServiceImpl: java.lang.Boolean batchUpdateSellStatus(java.lang.Long[],int)>
<ltd.newbee.mall.service.impl.NewBeeMallGoodsServiceImpl: ltd.newbee.mall.util.PageResult searchNewBeeMallGoods(ltd.newbee.mall.util.PageQueryUtil)>
<ltd.newbee.mall.util.NewBeeMallUtils: java.net.URI getHost(java.net.URI)>
<ltd.newbee.mall.util.NewBeeMallUtils: java.lang.String cleanString(java.lang.String)>
<ltd.newbee.mall.service.impl.NewBeeMallCarouselServiceImpl: ltd.newbee.mall.util.PageResult getCarouselPage(ltd.newbee.mall.util.PageQueryUtil)>
<ltd.newbee.mall.service.impl.NewBeeMallCarouselServiceImpl: java.lang.String saveCarousel(ltd.newbee.mall.entity.Carousel)>
<ltd.newbee.mall.service.impl.NewBeeMallCarouselServiceImpl: java.lang.String updateCarousel(ltd.newbee.mall.entity.Carousel)>
<ltd.newbee.mall.service.impl.NewBeeMallCarouselServiceImpl: ltd.newbee.mall.entity.Carousel getCarouselById(java.lang.Integer)>
<ltd.newbee.mall.service.impl.NewBeeMallCarouselServiceImpl: java.lang.Boolean deleteBatch(java.lang.Integer[])>
<ltd.newbee.mall.service.impl.NewBeeMallCarouselServiceImpl: java.util.List getCarouselsForIndex(int)>
<ltd.newbee.mall.entity.GoodsCategory: void setCategoryId(java.lang.Long)>
<ltd.newbee.mall.entity.GoodsCategory: void setCategoryLevel(java.lang.Byte)>
<ltd.newbee.mall.entity.GoodsCategory: void setParentId(java.lang.Long)>
<ltd.newbee.mall.entity.GoodsCategory: void setCategoryName(java.lang.String)>
<ltd.newbee.mall.entity.GoodsCategory: void setCategoryRank(java.lang.Integer)>
<ltd.newbee.mall.entity.GoodsCategory: void setIsDeleted(java.lang.Byte)>
<ltd.newbee.mall.entity.GoodsCategory: void setCreateTime(java.util.Date)>
<ltd.newbee.mall.entity.GoodsCategory: void setCreateUser(java.lang.Integer)>
<ltd.newbee.mall.entity.GoodsCategory: void setUpdateTime(java.util.Date)>
<ltd.newbee.mall.entity.GoodsCategory: void setUpdateUser(java.lang.Integer)>
<ltd.newbee.mall.entity.Carousel: void setCarouselId(java.lang.Integer)>
<ltd.newbee.mall.entity.Carousel: void setCarouselUrl(java.lang.String)>
<ltd.newbee.mall.entity.Carousel: void setRedirectUrl(java.lang.String)>
<ltd.newbee.mall.entity.Carousel: void setCarouselRank(java.lang.Integer)>
<ltd.newbee.mall.entity.Carousel: void setIsDeleted(java.lang.Byte)>
<ltd.newbee.mall.entity.Carousel: void setCreateTime(java.util.Date)>
<ltd.newbee.mall.entity.Carousel: void setCreateUser(java.lang.Integer)>
<ltd.newbee.mall.entity.Carousel: void setUpdateTime(java.util.Date)>
<ltd.newbee.mall.entity.Carousel: void setUpdateUser(java.lang.Integer)>
<ltd.newbee.mall.util.ResultGenerator: ltd.newbee.mall.util.Result genSuccessResult(java.lang.Object)>
<ltd.newbee.mall.util.ResultGenerator: ltd.newbee.mall.util.Result genFailResult(java.lang.String)>
<ltd.newbee.mall.controller.vo.NewBeeMallOrderDetailVO: void setPayTypeString(java.lang.String)>
<ltd.newbee.mall.controller.vo.NewBeeMallOrderDetailVO: void setOrderStatusString(java.lang.String)>
<ltd.newbee.mall.controller.vo.NewBeeMallOrderDetailVO: void setNewBeeMallOrderItemVOS(java.util.List)>
<ltd.newbee.mall.controller.vo.NewBeeMallShoppingCartItemVO: void setGoodsName(java.lang.String)>
<ltd.newbee.mall.controller.vo.NewBeeMallShoppingCartItemVO: void setGoodsCoverImg(java.lang.String)>
<ltd.newbee.mall.controller.vo.NewBeeMallShoppingCartItemVO: void setSellingPrice(java.lang.Integer)>
<ltd.newbee.mall.util.MD5Util: java.lang.String byteArrayToHexString(byte[])>
<ltd.newbee.mall.util.MD5Util: java.lang.String byteToHexString(byte)>
<ltd.newbee.mall.util.MD5Util: java.lang.String MD5Encode(java.lang.String,java.lang.String)>
<ltd.newbee.mall.entity.NewBeeMallShoppingCartItem: void setCartItemId(java.lang.Long)>
<ltd.newbee.mall.entity.NewBeeMallShoppingCartItem: void setUserId(java.lang.Long)>
<ltd.newbee.mall.entity.NewBeeMallShoppingCartItem: void setGoodsId(java.lang.Long)>
<ltd.newbee.mall.entity.NewBeeMallShoppingCartItem: void setGoodsCount(java.lang.Integer)>
<ltd.newbee.mall.entity.NewBeeMallShoppingCartItem: void setIsDeleted(java.lang.Byte)>
<ltd.newbee.mall.entity.NewBeeMallShoppingCartItem: void setCreateTime(java.util.Date)>
<ltd.newbee.mall.entity.NewBeeMallShoppingCartItem: void setUpdateTime(java.util.Date)>
<ltd.newbee.mall.entity.NewBeeMallOrderItem: void setOrderId(java.lang.Long)>
<ltd.newbee.mall.util.NumberUtil: int genRandomNum(int)>
<ltd.newbee.mall.entity.NewBeeMallOrder: void setOrderId(java.lang.Long)>
<ltd.newbee.mall.entity.NewBeeMallOrder: void setOrderNo(java.lang.String)>
<ltd.newbee.mall.entity.NewBeeMallOrder: void setUserId(java.lang.Long)>
<ltd.newbee.mall.entity.NewBeeMallOrder: void setTotalPrice(java.lang.Integer)>
<ltd.newbee.mall.entity.NewBeeMallOrder: void setPayStatus(java.lang.Byte)>
<ltd.newbee.mall.entity.NewBeeMallOrder: void setPayType(java.lang.Byte)>
<ltd.newbee.mall.entity.NewBeeMallOrder: void setPayTime(java.util.Date)>
<ltd.newbee.mall.entity.NewBeeMallOrder: void setOrderStatus(java.lang.Byte)>
<ltd.newbee.mall.entity.NewBeeMallOrder: void setExtraInfo(java.lang.String)>
<ltd.newbee.mall.entity.NewBeeMallOrder: void setUserAddress(java.lang.String)>
<ltd.newbee.mall.entity.NewBeeMallOrder: void setIsDeleted(java.lang.Byte)>
<ltd.newbee.mall.entity.NewBeeMallOrder: void setCreateTime(java.util.Date)>
<ltd.newbee.mall.entity.NewBeeMallOrder: void setUpdateTime(java.util.Date)>
<ltd.newbee.mall.util.PageResult: void <init>(java.util.List,int,int,int)>
<ltd.newbee.mall.util.BeanUtil: java.lang.Object copyProperties(java.lang.Object,java.lang.Object,java.lang.String[])>
<ltd.newbee.mall.util.BeanUtil: java.util.List copyList(java.util.List,java.lang.Class)>
<ltd.newbee.mall.util.BeanUtil: java.util.List copyList(java.util.List,java.lang.Class,ltd.newbee.mall.util.BeanUtil$Callback)>
<ltd.newbee.mall.controller.vo.NewBeeMallIndexCategoryVO: void setSecondLevelCategoryVOS(java.util.List)>
<ltd.newbee.mall.NewBeeMallApplication: void main(java.lang.String[])>
<ltd.newbee.mall.entity.NewBeeMallGoods: void setGoodsId(java.lang.Long)>
<ltd.newbee.mall.entity.NewBeeMallGoods: void setGoodsName(java.lang.String)>
<ltd.newbee.mall.entity.NewBeeMallGoods: void setGoodsIntro(java.lang.String)>
<ltd.newbee.mall.entity.NewBeeMallGoods: void setGoodsCategoryId(java.lang.Long)>
<ltd.newbee.mall.entity.NewBeeMallGoods: void setGoodsCoverImg(java.lang.String)>
<ltd.newbee.mall.entity.NewBeeMallGoods: void setGoodsCarousel(java.lang.String)>
<ltd.newbee.mall.entity.NewBeeMallGoods: void setOriginalPrice(java.lang.Integer)>
<ltd.newbee.mall.entity.NewBeeMallGoods: void setSellingPrice(java.lang.Integer)>
<ltd.newbee.mall.entity.NewBeeMallGoods: void setStockNum(java.lang.Integer)>
<ltd.newbee.mall.entity.NewBeeMallGoods: void setTag(java.lang.String)>
<ltd.newbee.mall.entity.NewBeeMallGoods: void setGoodsSellStatus(java.lang.Byte)>
<ltd.newbee.mall.entity.NewBeeMallGoods: void setCreateUser(java.lang.Integer)>
<ltd.newbee.mall.entity.NewBeeMallGoods: void setCreateTime(java.util.Date)>
<ltd.newbee.mall.entity.NewBeeMallGoods: void setUpdateUser(java.lang.Integer)>
<ltd.newbee.mall.entity.NewBeeMallGoods: void setUpdateTime(java.util.Date)>
<ltd.newbee.mall.entity.NewBeeMallGoods: void setGoodsDetailContent(java.lang.String)>
<ltd.newbee.mall.controller.vo.NewBeeMallGoodsDetailVO: void setGoodsCarouselList(java.lang.String[])>
<ltd.newbee.mall.common.PayStatusEnum: void <init>(java.lang.String,int,int,java.lang.String)>
<ltd.newbee.mall.service.impl.NewBeeMallOrderServiceImpl: ltd.newbee.mall.util.PageResult getNewBeeMallOrdersPage(ltd.newbee.mall.util.PageQueryUtil)>
<ltd.newbee.mall.service.impl.NewBeeMallOrderServiceImpl: ltd.newbee.mall.controller.vo.NewBeeMallOrderDetailVO getOrderDetailByOrderNo(java.lang.String,java.lang.Long)>
<ltd.newbee.mall.service.impl.NewBeeMallOrderServiceImpl: ltd.newbee.mall.entity.NewBeeMallOrder getNewBeeMallOrderByOrderNo(java.lang.String)>
<ltd.newbee.mall.service.impl.NewBeeMallOrderServiceImpl: ltd.newbee.mall.util.PageResult getMyOrders(ltd.newbee.mall.util.PageQueryUtil)>
<ltd.newbee.mall.service.impl.NewBeeMallOrderServiceImpl: java.lang.String cancelOrder(java.lang.String,java.lang.Long)>
<ltd.newbee.mall.service.impl.NewBeeMallOrderServiceImpl: java.lang.String finishOrder(java.lang.String,java.lang.Long)>
<ltd.newbee.mall.service.impl.NewBeeMallOrderServiceImpl: java.lang.String paySuccess(java.lang.String,int)>
<ltd.newbee.mall.service.impl.NewBeeMallOrderServiceImpl: java.util.List getOrderItems(java.lang.Long)>
<ltd.newbee.mall.service.impl.NewBeeMallOrderServiceImpl: ltd.newbee.mall.entity.NewBeeMallGoods lambda$saveOrder$1(ltd.newbee.mall.entity.NewBeeMallGoods,ltd.newbee.mall.entity.NewBeeMallGoods)>
<ltd.newbee.mall.service.impl.NewBeeMallOrderServiceImpl: boolean lambda$saveOrder$0(ltd.newbee.mall.entity.NewBeeMallGoods)>
<ltd.newbee.mall.common.NewBeeMallCategoryLevelEnum: void <init>(java.lang.String,int,int,java.lang.String)>
<ltd.newbee.mall.common.NewBeeMallException: void <init>(java.lang.String)>
<ltd.newbee.mall.common.NewBeeMallException: void fail(java.lang.String)>
<ltd.newbee.mall.controller.admin.NewBeeMallOrderController: void <init>()>
<ltd.newbee.mall.controller.admin.NewBeeMallOrderController: void callEntry_synthetic()>
<ltd.newbee.mall.common.ServiceResultEnum: java.lang.String getResult()>
<ltd.newbee.mall.common.ServiceResultEnum: void <clinit>()>
<ltd.newbee.mall.controller.vo.SearchPageCategoryVO: void <init>()>
<ltd.newbee.mall.controller.admin.NewBeeMallUserController: void <init>()>
<ltd.newbee.mall.controller.admin.NewBeeMallUserController: void callEntry_synthetic()>
<ltd.newbee.mall.controller.mall.OrderController: void <init>()>
<ltd.newbee.mall.controller.mall.OrderController: void callEntry_synthetic()>
<ltd.newbee.mall.controller.mall.OrderController: java.lang.String getorderNo()>
<ltd.newbee.mall.common.NewBeeMallOrderStatusEnum: ltd.newbee.mall.common.NewBeeMallOrderStatusEnum[] values()>
<ltd.newbee.mall.common.NewBeeMallOrderStatusEnum: int getOrderStatus()>
<ltd.newbee.mall.common.NewBeeMallOrderStatusEnum: java.lang.String getName()>
<ltd.newbee.mall.common.NewBeeMallOrderStatusEnum: void <clinit>()>
<ltd.newbee.mall.service.impl.AdminUserServiceImpl: void <init>()>
<ltd.newbee.mall.util.PageQueryUtil: int getPage()>
<ltd.newbee.mall.util.PageQueryUtil: int getLimit()>
<ltd.newbee.mall.service.impl.NewBeeMallShoppingCartServiceImpl: void <init>()>
<ltd.newbee.mall.common.IndexConfigTypeEnum: ltd.newbee.mall.common.IndexConfigTypeEnum[] values()>
<ltd.newbee.mall.common.IndexConfigTypeEnum: int getType()>
<ltd.newbee.mall.common.IndexConfigTypeEnum: java.lang.String getName()>
<ltd.newbee.mall.common.IndexConfigTypeEnum: void <clinit>()>
<ltd.newbee.mall.service.impl.NewBeeMallUserServiceImpl: void <init>()>
<ltd.newbee.mall.entity.IndexConfig: void <init>()>
<ltd.newbee.mall.entity.IndexConfig: java.lang.Long getConfigId()>
<ltd.newbee.mall.entity.IndexConfig: java.lang.String getConfigName()>
<ltd.newbee.mall.entity.IndexConfig: java.lang.Byte getConfigType()>
<ltd.newbee.mall.entity.IndexConfig: java.lang.Long getGoodsId()>
<ltd.newbee.mall.entity.IndexConfig: java.lang.Integer getConfigRank()>
<ltd.newbee.mall.entity.MallUser: void <init>()>
<ltd.newbee.mall.entity.MallUser: java.lang.Long getUserId()>
<ltd.newbee.mall.entity.MallUser: java.lang.String getNickName()>
<ltd.newbee.mall.entity.MallUser: java.lang.String getIntroduceSign()>
<ltd.newbee.mall.entity.MallUser: java.lang.String getAddress()>
<ltd.newbee.mall.entity.AdminUser: void <init>()>
<ltd.newbee.mall.controller.vo.NewBeeMallUserVO: void <init>()>
<ltd.newbee.mall.controller.common.ErrorPageController: void <init>()>
<ltd.newbee.mall.controller.common.ErrorPageController: void callEntry_synthetic()>
<ltd.newbee.mall.controller.admin.NewBeeMallGoodsController: void <init>()>
<ltd.newbee.mall.controller.admin.NewBeeMallGoodsController: void callEntry_synthetic()>
<ltd.newbee.mall.controller.vo.SecondLevelCategoryVO: void <init>()>
<ltd.newbee.mall.controller.vo.SecondLevelCategoryVO: java.lang.Long getParentId()>
<ltd.newbee.mall.config.NeeBeeMallWebMvcConfigurer: void <init>()>
<ltd.newbee.mall.controller.common.CommonController: void <init>()>
<ltd.newbee.mall.controller.common.CommonController: void callEntry_synthetic()>
<ltd.newbee.mall.service.impl.NewBeeMallCategoryServiceImpl: void <init>()>
<ltd.newbee.mall.service.impl.NewBeeMallCategoryServiceImpl: java.util.List getCategoriesForIndex()>
<ltd.newbee.mall.controller.admin.AdminController: void <init>()>
<ltd.newbee.mall.controller.admin.AdminController: void callEntry_synthetic()>
<ltd.newbee.mall.controller.admin.AdminController: java.lang.String getuserName()>
<ltd.newbee.mall.controller.admin.AdminController: java.lang.String getpassword()>
<ltd.newbee.mall.controller.admin.AdminController: java.lang.String getverifyCode()>
<ltd.newbee.mall.controller.admin.AdminController: java.lang.String getoriginalPassword()>
<ltd.newbee.mall.controller.admin.AdminController: java.lang.String getnewPassword()>
<ltd.newbee.mall.controller.admin.AdminController: java.lang.String getloginUserName()>
<ltd.newbee.mall.controller.admin.AdminController: java.lang.String getnickName()>
<ltd.newbee.mall.common.PayTypeEnum: ltd.newbee.mall.common.PayTypeEnum[] values()>
<ltd.newbee.mall.common.PayTypeEnum: int getPayType()>
<ltd.newbee.mall.common.PayTypeEnum: java.lang.String getName()>
<ltd.newbee.mall.common.PayTypeEnum: void <clinit>()>
<ltd.newbee.mall.service.impl.NewBeeMallIndexConfigServiceImpl: void <init>()>
<ltd.newbee.mall.controller.common.UploadController: void <init>()>
<ltd.newbee.mall.controller.common.UploadController: void callEntry_synthetic()>
<ltd.newbee.mall.util.Result: void <init>()>
<ltd.newbee.mall.service.impl.NewBeeMallGoodsServiceImpl: void <init>()>
<ltd.newbee.mall.interceptor.AdminLoginInterceptor: void <init>()>
<ltd.newbee.mall.service.impl.NewBeeMallCarouselServiceImpl: void <init>()>
<ltd.newbee.mall.entity.GoodsCategory: void <init>()>
<ltd.newbee.mall.entity.GoodsCategory: java.lang.Long getCategoryId()>
<ltd.newbee.mall.entity.GoodsCategory: java.lang.Byte getCategoryLevel()>
<ltd.newbee.mall.entity.GoodsCategory: java.lang.Long getParentId()>
<ltd.newbee.mall.entity.GoodsCategory: java.lang.String getCategoryName()>
<ltd.newbee.mall.entity.GoodsCategory: java.lang.Integer getCategoryRank()>
<ltd.newbee.mall.entity.Carousel: void <init>()>
<ltd.newbee.mall.entity.Carousel: java.lang.Integer getCarouselId()>
<ltd.newbee.mall.entity.Carousel: java.lang.String getCarouselUrl()>
<ltd.newbee.mall.entity.Carousel: java.lang.String getRedirectUrl()>
<ltd.newbee.mall.entity.Carousel: java.lang.Integer getCarouselRank()>
<ltd.newbee.mall.util.ResultGenerator: ltd.newbee.mall.util.Result genSuccessResult()>
<ltd.newbee.mall.interceptor.NewBeeMallCartNumberInterceptor: void <init>()>
<ltd.newbee.mall.controller.vo.NewBeeMallOrderDetailVO: void <init>()>
<ltd.newbee.mall.controller.vo.NewBeeMallOrderDetailVO: java.lang.Byte getPayType()>
<ltd.newbee.mall.controller.vo.NewBeeMallOrderDetailVO: java.lang.Byte getOrderStatus()>
<ltd.newbee.mall.controller.vo.NewBeeMallShoppingCartItemVO: void <init>()>
<ltd.newbee.mall.controller.vo.NewBeeMallShoppingCartItemVO: java.lang.Long getGoodsId()>
<ltd.newbee.mall.controller.vo.NewBeeMallShoppingCartItemVO: java.lang.Integer getSellingPrice()>
<ltd.newbee.mall.controller.vo.NewBeeMallShoppingCartItemVO: java.lang.Long getCartItemId()>
<ltd.newbee.mall.controller.vo.NewBeeMallShoppingCartItemVO: java.lang.Integer getGoodsCount()>
<ltd.newbee.mall.controller.admin.NewBeeMallGoodsCategoryController: void <init>()>
<ltd.newbee.mall.controller.admin.NewBeeMallGoodsCategoryController: void callEntry_synthetic()>
<ltd.newbee.mall.util.MD5Util: void <clinit>()>
<ltd.newbee.mall.controller.mall.ShoppingCartController: void <init>()>
<ltd.newbee.mall.controller.mall.ShoppingCartController: void callEntry_synthetic()>
<ltd.newbee.mall.entity.NewBeeMallShoppingCartItem: void <init>()>
<ltd.newbee.mall.entity.NewBeeMallShoppingCartItem: java.lang.Long getCartItemId()>
<ltd.newbee.mall.entity.NewBeeMallShoppingCartItem: java.lang.Long getUserId()>
<ltd.newbee.mall.entity.NewBeeMallShoppingCartItem: java.lang.Long getGoodsId()>
<ltd.newbee.mall.entity.NewBeeMallShoppingCartItem: java.lang.Integer getGoodsCount()>
<ltd.newbee.mall.interceptor.NewBeeMallLoginInterceptor: void <init>()>
<ltd.newbee.mall.entity.NewBeeMallOrderItem: void <init>()>
<ltd.newbee.mall.entity.NewBeeMallOrderItem: java.lang.Long getOrderId()>
<ltd.newbee.mall.entity.NewBeeMallOrderItem: java.lang.String toString()>
<ltd.newbee.mall.util.NumberUtil: java.lang.String genOrderNo()>
<ltd.newbee.mall.entity.NewBeeMallOrder: void <init>()>
<ltd.newbee.mall.entity.NewBeeMallOrder: java.lang.Long getOrderId()>
<ltd.newbee.mall.entity.NewBeeMallOrder: java.lang.Integer getTotalPrice()>
<ltd.newbee.mall.entity.NewBeeMallOrder: java.lang.String getUserAddress()>
<ltd.newbee.mall.controller.common.NewBeeMallExceptionHandler: void <init>()>
<ltd.newbee.mall.controller.mall.IndexController: void <init>()>
<ltd.newbee.mall.controller.mall.IndexController: void callEntry_synthetic()>
<ltd.newbee.mall.controller.vo.NewBeeMallIndexCategoryVO: void <init>()>
<ltd.newbee.mall.controller.mall.GoodsController: void <init>()>
<ltd.newbee.mall.controller.mall.GoodsController: void callEntry_synthetic()>
<ltd.newbee.mall.controller.admin.NewBeeMallCarouselController: void <init>()>
<ltd.newbee.mall.controller.admin.NewBeeMallCarouselController: void callEntry_synthetic()>
<ltd.newbee.mall.entity.NewBeeMallGoods: void <init>()>
<ltd.newbee.mall.entity.NewBeeMallGoods: java.lang.Long getGoodsId()>
<ltd.newbee.mall.entity.NewBeeMallGoods: java.lang.String getGoodsName()>
<ltd.newbee.mall.entity.NewBeeMallGoods: java.lang.String getGoodsIntro()>
<ltd.newbee.mall.entity.NewBeeMallGoods: java.lang.Long getGoodsCategoryId()>
<ltd.newbee.mall.entity.NewBeeMallGoods: java.lang.String getGoodsCoverImg()>
<ltd.newbee.mall.entity.NewBeeMallGoods: java.lang.Integer getOriginalPrice()>
<ltd.newbee.mall.entity.NewBeeMallGoods: java.lang.Integer getSellingPrice()>
<ltd.newbee.mall.entity.NewBeeMallGoods: java.lang.Integer getStockNum()>
<ltd.newbee.mall.entity.NewBeeMallGoods: java.lang.String getTag()>
<ltd.newbee.mall.entity.NewBeeMallGoods: java.lang.Byte getGoodsSellStatus()>
<ltd.newbee.mall.entity.NewBeeMallGoods: java.lang.String getGoodsDetailContent()>
<ltd.newbee.mall.controller.vo.NewBeeMallGoodsDetailVO: void <init>()>
<ltd.newbee.mall.controller.admin.NewBeeMallGoodsIndexConfigController: void <init>()>
<ltd.newbee.mall.controller.admin.NewBeeMallGoodsIndexConfigController: void callEntry_synthetic()>
<ltd.newbee.mall.common.PayStatusEnum: int getPayStatus()>
<ltd.newbee.mall.common.PayStatusEnum: void <clinit>()>
<ltd.newbee.mall.controller.mall.PersonalController: void <init>()>
<ltd.newbee.mall.controller.mall.PersonalController: void callEntry_synthetic()>
<ltd.newbee.mall.controller.mall.PersonalController: java.lang.String getloginName()>
<ltd.newbee.mall.controller.mall.PersonalController: java.lang.String getverifyCode()>
<ltd.newbee.mall.controller.mall.PersonalController: java.lang.String getpassword()>
<ltd.newbee.mall.service.impl.NewBeeMallOrderServiceImpl: void <init>()>
<ltd.newbee.mall.common.NewBeeMallCategoryLevelEnum: int getLevel()>
<ltd.newbee.mall.common.NewBeeMallCategoryLevelEnum: void <clinit>()>
<ltd.newbee.mall.common.NewBeeMallException: void <init>()>
