<com.favorites.comm.exception.GlobalExceptionHandler: org.springframework.web.servlet.ModelAndView defaultErrorHandler(java.lang.Exception,javax.servlet.http.HttpServletRequest)>
<com.favorites.comm.filter.SecurityFilter: void init(javax.servlet.FilterConfig)>
<com.favorites.comm.filter.SecurityFilter: void doFilter(javax.servlet.ServletRequest,javax.servlet.ServletResponse,javax.servlet.FilterChain)>
<com.favorites.utils.FileUtil: void uploadFile(byte[],java.lang.String,java.lang.String)>
<com.favorites.utils.Des3EncryptionUtil: byte[] encode(byte[],byte[])>
<com.favorites.utils.Des3EncryptionUtil: byte[] decode(byte[],byte[])>
<com.favorites.web.LookRecordController: com.favorites.domain.result.Response saveLookRecord(java.lang.Long)>
<com.favorites.web.LookRecordController: com.favorites.domain.result.Response deleteLookRecord(java.lang.Long)>
<com.favorites.web.LookRecordController: com.favorites.domain.result.Response deleteAll()>
<com.favorites.web.CollectController: com.favorites.domain.result.Response collect(com.favorites.domain.Collect)>
<com.favorites.web.CollectController: java.lang.String getCollectLogoUrl(java.lang.String)>
<com.favorites.web.CollectController: java.util.Map getFavoriteResult(java.lang.String,java.lang.String)>
<com.favorites.web.CollectController: java.util.List standard(java.lang.Integer,java.lang.Integer,java.lang.String,java.lang.Long,java.lang.Long,java.lang.String)>
<com.favorites.web.CollectController: java.util.List lookAround(java.lang.Integer,java.lang.Integer)>
<com.favorites.web.CollectController: java.util.List simple(java.lang.Integer,java.lang.Integer,java.lang.String,java.lang.Long,java.lang.Long,java.lang.String)>
<com.favorites.web.CollectController: com.favorites.domain.result.Response changePrivacy(java.lang.Long,com.favorites.domain.enums.CollectType)>
<com.favorites.web.CollectController: com.favorites.domain.result.Response like(java.lang.Long)>
<com.favorites.web.CollectController: com.favorites.domain.result.Response delete(java.lang.Long)>
<com.favorites.web.CollectController: com.favorites.domain.Collect detail(java.lang.Long)>
<com.favorites.web.CollectController: void importCollect(org.springframework.web.multipart.MultipartFile,java.lang.String,java.lang.String)>
<com.favorites.web.CollectController: void export(java.lang.String,javax.servlet.http.HttpServletResponse)>
<com.favorites.web.CollectController: java.util.List searchMy(org.springframework.ui.Model,java.lang.Integer,java.lang.Integer,java.lang.String)>
<com.favorites.web.CollectController: java.util.List searchOther(org.springframework.ui.Model,java.lang.Integer,java.lang.Integer,java.lang.String)>
<com.favorites.web.CollectController: java.util.Map getPraiseStatus(org.springframework.ui.Model,java.lang.Long)>
<com.favorites.WebConfiguration: org.springframework.boot.web.servlet.FilterRegistrationBean filterRegistration()>
<com.favorites.comm.aop.LoggerAdvice: void addBeforeLogger(org.aspectj.lang.JoinPoint)>
<com.favorites.comm.aop.LoggerAdvice: void addAfterReturningLogger(org.aspectj.lang.JoinPoint)>
<com.favorites.comm.aop.LoggerAdvice: void addAfterThrowingLogger(org.aspectj.lang.JoinPoint,java.lang.Exception)>
<com.favorites.web.FavoritesController: com.favorites.domain.result.Response addFavorites(java.lang.String)>
<com.favorites.web.FavoritesController: com.favorites.domain.result.ResponseData addImportFavorites()>
<com.favorites.web.FavoritesController: com.favorites.domain.result.Response updateFavorites(java.lang.String,java.lang.Long)>
<com.favorites.web.FavoritesController: com.favorites.domain.result.Response delFavorites(java.lang.Long)>
<com.favorites.web.FavoritesController: java.util.List getFavorites(java.lang.Long)>
<com.favorites.web.HomeController: java.lang.String standard(org.springframework.ui.Model,java.lang.Integer,java.lang.Integer,java.lang.String,java.lang.Long)>
<com.favorites.web.HomeController: java.lang.String simple(org.springframework.ui.Model,java.lang.Integer,java.lang.Integer,java.lang.String,java.lang.Long)>
<com.favorites.web.HomeController: java.lang.String userPageShow(org.springframework.ui.Model,java.lang.Long,java.lang.Long,java.lang.Integer,java.lang.Integer)>
<com.favorites.web.HomeController: java.lang.String userContentShow(org.springframework.ui.Model,java.lang.Long,java.lang.Long,java.lang.Integer,java.lang.Integer)>
<com.favorites.web.HomeController: java.lang.String search(org.springframework.ui.Model,java.lang.Integer,java.lang.Integer,java.lang.String)>
<com.favorites.web.HomeController: java.lang.String atMe(org.springframework.ui.Model,java.lang.Integer,java.lang.Integer)>
<com.favorites.web.HomeController: java.lang.String commentMe(org.springframework.ui.Model,java.lang.Integer,java.lang.Integer)>
<com.favorites.web.HomeController: java.lang.String praiseMe(org.springframework.ui.Model,java.lang.Integer,java.lang.Integer)>
<com.favorites.web.HomeController: java.lang.String getLookRecordStandard(org.springframework.ui.Model,java.lang.Integer,java.lang.Integer,java.lang.String,java.lang.Long)>
<com.favorites.web.HomeController: java.lang.String getLookRecordSimple(org.springframework.ui.Model,java.lang.Integer,java.lang.Integer,java.lang.String,java.lang.Long)>
<com.favorites.web.HomeController: java.lang.String letterMe(org.springframework.ui.Model,java.lang.Integer,java.lang.Integer)>
<com.favorites.web.IndexController: java.lang.String index(org.springframework.ui.Model)>
<com.favorites.web.IndexController: java.lang.String home(org.springframework.ui.Model)>
<com.favorites.web.IndexController: java.lang.String lookAroundStandard(org.springframework.ui.Model,java.lang.Integer,java.lang.Integer)>
<com.favorites.web.IndexController: java.lang.String lookAroundSimple(org.springframework.ui.Model,java.lang.Integer,java.lang.Integer,java.lang.String)>
<com.favorites.web.IndexController: java.lang.String login()>
<com.favorites.web.IndexController: java.lang.String regist()>
<com.favorites.web.IndexController: java.lang.String tool(org.springframework.ui.Model)>
<com.favorites.web.IndexController: java.lang.String mobile()>
<com.favorites.web.IndexController: java.lang.String importm()>
<com.favorites.web.IndexController: java.lang.String newFavorites()>
<com.favorites.web.IndexController: java.lang.String feedback(org.springframework.ui.Model)>
<com.favorites.web.IndexController: java.lang.String collect(org.springframework.ui.Model)>
<com.favorites.web.IndexController: java.lang.String logout(javax.servlet.http.HttpServletResponse,org.springframework.ui.Model)>
<com.favorites.web.IndexController: java.lang.String forgotPassword()>
<com.favorites.web.IndexController: java.lang.String newPassword(java.lang.String)>
<com.favorites.web.IndexController: java.lang.String uploadHeadPortrait()>
<com.favorites.web.IndexController: java.lang.String export(org.springframework.ui.Model)>
<com.favorites.web.IndexController: java.lang.String uploadBackground()>
<com.favorites.web.IndexController: java.lang.String collectorPageShow(org.springframework.ui.Model,java.lang.Long,java.lang.Long,java.lang.Integer,java.lang.Integer)>
<com.favorites.web.CommentController: com.favorites.domain.result.Response add(com.favorites.domain.Comment)>
<com.favorites.web.CommentController: java.util.List list(java.lang.Long)>
<com.favorites.web.CommentController: com.favorites.domain.result.Response delete(java.lang.Long)>
<com.favorites.web.FollowController: com.favorites.domain.result.Response changeFollowStatus(java.lang.String,java.lang.Long)>
<com.favorites.web.NoticeController: com.favorites.domain.result.Response reply(com.favorites.domain.Comment)>
<com.favorites.web.NoticeController: com.favorites.domain.result.ResponseData getNoticeNum()>
<com.favorites.web.FeedbackController: com.favorites.domain.result.Response save(com.favorites.domain.Feedback)>
<com.favorites.web.WebJarController: org.springframework.http.ResponseEntity locateWebjarAsset(java.lang.String,javax.servlet.http.HttpServletRequest)>
<com.favorites.web.UserController: com.favorites.domain.result.ResponseData login(com.favorites.domain.User,javax.servlet.http.HttpServletResponse)>
<com.favorites.web.UserController: com.favorites.domain.result.Response create(com.favorites.domain.User)>
<com.favorites.web.UserController: java.util.List getFavorites()>
<com.favorites.web.UserController: com.favorites.domain.Config getConfig()>
<com.favorites.web.UserController: com.favorites.domain.result.Response updateConfig(java.lang.Long,java.lang.String,java.lang.String)>
<com.favorites.web.UserController: java.util.List getFollows()>
<com.favorites.web.UserController: com.favorites.domain.result.Response sendForgotPasswordEmail(java.lang.String)>
<com.favorites.web.UserController: com.favorites.domain.result.Response setNewPassword(java.lang.String,java.lang.String,java.lang.String)>
<com.favorites.web.UserController: com.favorites.domain.result.Response updatePassword(java.lang.String,java.lang.String)>
<com.favorites.web.UserController: com.favorites.domain.result.ResponseData updateIntroduction(java.lang.String)>
<com.favorites.web.UserController: com.favorites.domain.result.ResponseData updateUserName(java.lang.String)>
<com.favorites.web.UserController: com.favorites.domain.result.ResponseData uploadHeadPortrait(java.lang.String)>
<com.favorites.web.UserController: com.favorites.domain.result.ResponseData uploadBackground(java.lang.String)>
<com.favorites.web.LetterController: com.favorites.domain.result.Response sendLetter(com.favorites.domain.Letter)>
<com.favorites.web.LetterController: java.util.List getLetterList(java.lang.Integer,java.lang.Integer)>
<com.favorites.domain.view.LetterSummary: void <init>(com.favorites.domain.view.LetterView)>
<com.favorites.utils.DateUtils: java.lang.String getTimeFormatText(java.lang.Long)>
<com.favorites.utils.DateUtils: long getDayBegin(long)>
<com.favorites.utils.Base64: boolean isBase64(byte)>
<com.favorites.utils.Base64: byte[] decode(byte[])>
<com.favorites.utils.Base64: byte[] encodeBase64(byte[],boolean)>
<com.favorites.utils.Base64: byte[] decodeBase64(byte[])>
<com.favorites.utils.Base64: byte[] discardNonBase64(byte[])>
<com.favorites.utils.Base64: byte[] encode(byte[])>
<com.favorites.repository.impl.CollectorRepositoryImpl: java.lang.Long getMostFollowedUser(java.lang.Long)>
<com.favorites.repository.impl.CollectorRepositoryImpl: java.lang.Long getMostPraisedUser(java.lang.String)>
<com.favorites.repository.impl.CollectorRepositoryImpl: java.lang.Long getMostCommentedUser(java.lang.String)>
<com.favorites.repository.impl.CollectorRepositoryImpl: java.lang.Long getMostPopularUser(java.lang.String)>
<com.favorites.repository.impl.CollectorRepositoryImpl: java.lang.Long getMostActiveUser(java.lang.String)>
<com.favorites.utils.MD5Util: java.lang.String encrypt(java.lang.String)>
<com.favorites.service.impl.CollectServiceImpl: java.util.List getCollects(java.lang.String,java.lang.Long,org.springframework.data.domain.Pageable,java.lang.Long,java.lang.Long)>
<com.favorites.service.impl.CollectServiceImpl: java.util.List searchMy(java.lang.Long,java.lang.String,org.springframework.data.domain.Pageable)>
<com.favorites.service.impl.CollectServiceImpl: java.util.List searchOther(java.lang.Long,java.lang.String,org.springframework.data.domain.Pageable)>
<com.favorites.service.impl.CollectServiceImpl: java.util.List convertCollect(org.springframework.data.domain.Page,java.lang.Long)>
<com.favorites.domain.result.ResponseData: void <init>(com.favorites.domain.result.ExceptionMsg)>
<com.favorites.domain.result.ResponseData: void <init>(com.favorites.domain.result.ExceptionMsg,java.lang.Object)>
<com.favorites.comm.aop.LoggerAdvice: java.lang.String parseParames(java.lang.Object[])>
<com.favorites.domain.enums.LetterType: void <init>(java.lang.String,int)>
<com.favorites.domain.Letter: void setSendType(java.lang.String)>
<com.favorites.domain.Letter: void setId(java.lang.Long)>
<com.favorites.domain.Letter: void setSendUserId(java.lang.Long)>
<com.favorites.domain.Letter: void setContent(java.lang.String)>
<com.favorites.domain.Letter: void setReceiveUserId(java.lang.Long)>
<com.favorites.domain.Letter: void setPid(java.lang.Long)>
<com.favorites.domain.Letter: void setType(com.favorites.domain.enums.LetterType)>
<com.favorites.domain.Letter: void setCreateTime(java.lang.Long)>
<com.favorites.domain.Comment: void setId(java.lang.Long)>
<com.favorites.domain.Comment: void setCollectId(java.lang.Long)>
<com.favorites.domain.Comment: void setContent(java.lang.String)>
<com.favorites.domain.Comment: void setUserId(java.lang.Long)>
<com.favorites.domain.Comment: void setReplyUserId(java.lang.Long)>
<com.favorites.domain.Comment: void setCreateTime(java.lang.Long)>
<com.favorites.domain.Comment: void setCommentTime(java.lang.String)>
<com.favorites.domain.Comment: void setUserName(java.lang.String)>
<com.favorites.domain.Comment: void setReplyUserName(java.lang.String)>
<com.favorites.domain.Comment: void setProfilePicture(java.lang.String)>
<com.favorites.domain.Config: void setId(java.lang.Long)>
<com.favorites.domain.Config: void setUserId(java.lang.Long)>
<com.favorites.domain.Config: void setDefaultFavorties(java.lang.String)>
<com.favorites.domain.Config: void setDefaultCollectType(java.lang.String)>
<com.favorites.domain.Config: void setDefaultModel(java.lang.String)>
<com.favorites.domain.Config: void setLastModifyTime(java.lang.Long)>
<com.favorites.domain.Config: void setCreateTime(java.lang.Long)>
<com.favorites.domain.Config: void setCollectTypeName(java.lang.String)>
<com.favorites.domain.Config: void setModelName(java.lang.String)>
<com.favorites.comm.filter.SecurityFilter: boolean containsSuffix(java.lang.String)>
<com.favorites.comm.filter.SecurityFilter: boolean containsKey(java.lang.String)>
<com.favorites.comm.filter.SecurityFilter: java.lang.String codeToString(java.lang.String)>
<com.favorites.comm.filter.SecurityFilter: java.lang.String getRef(javax.servlet.http.HttpServletRequest)>
<com.favorites.comm.filter.SecurityFilter: java.lang.String getUserId(java.lang.String)>
<com.favorites.service.impl.LetterServiceImpl: java.util.List findLetter(java.lang.Long,org.springframework.data.domain.Pageable)>
<com.favorites.service.impl.NoticeServiceImpl: java.util.List getNoticeCollects(java.lang.String,java.lang.Long,org.springframework.data.domain.Pageable)>
<com.favorites.service.impl.NoticeServiceImpl: java.util.List convertCollect(org.springframework.data.domain.Page,java.lang.String)>
<com.favorites.domain.UrlLibrary: void setCount(int)>
<com.favorites.domain.UrlLibrary: void setId(java.lang.Long)>
<com.favorites.domain.UrlLibrary: void setUrl(java.lang.String)>
<com.favorites.domain.UrlLibrary: void setLogoUrl(java.lang.String)>
<com.favorites.utils.MessageUtil: java.lang.String getMessage(java.lang.String,java.lang.String[])>
<com.favorites.service.impl.FeedbackServiceImpl: void saveFeeddback(com.favorites.domain.Feedback,java.lang.Long)>
<com.favorites.service.impl.LookRecordServiceImpl: void saveLookRecord(java.lang.Long,java.lang.Long)>
<com.favorites.service.impl.LookRecordServiceImpl: void deleteLookRecord(java.lang.Long,java.lang.Long)>
<com.favorites.service.impl.LookRecordServiceImpl: void deleteLookRecordByUserID(java.lang.Long)>
<com.favorites.service.impl.LookRecordServiceImpl: java.util.List getLookRecords(java.lang.Long,org.springframework.data.domain.Pageable)>
<com.favorites.service.impl.LookRecordServiceImpl: java.util.List convertCollect(org.springframework.data.domain.Page,java.lang.Long)>
<com.favorites.domain.result.Response: void <init>(com.favorites.domain.result.ExceptionMsg)>
<com.favorites.web.CommentController: java.util.List convertComment(java.util.List)>
<com.favorites.utils.HtmlUtil: java.lang.String getImge(java.lang.String)>
<com.favorites.utils.HtmlUtil: java.lang.String getPageImg(java.lang.String)>
<com.favorites.utils.HtmlUtil: java.util.Map parseHtmlOne(java.io.InputStream)>
<com.favorites.utils.HtmlUtil: java.util.Map parseHtmlTwo(java.io.InputStream)>
<com.favorites.utils.HtmlUtil: java.lang.StringBuilder exportHtml(java.lang.String,java.lang.StringBuilder)>
<com.favorites.utils.HtmlUtil: java.lang.String download(java.lang.String)>
<com.favorites.domain.view.CollectorView: void setId(java.lang.Long)>
<com.favorites.domain.view.CollectorView: void setUserId(java.lang.Long)>
<com.favorites.domain.view.CollectorView: void setCounts(java.lang.Long)>
<com.favorites.domain.view.CollectSummary: void <init>(com.favorites.domain.view.CollectView)>
<com.favorites.domain.view.CollectSummary: void setId(java.lang.Long)>
<com.favorites.domain.view.CollectSummary: void setUserId(java.lang.Long)>
<com.favorites.domain.view.CollectSummary: void setProfilePicture(java.lang.String)>
<com.favorites.domain.view.CollectSummary: void setUrl(java.lang.String)>
<com.favorites.domain.view.CollectSummary: void setTitle(java.lang.String)>
<com.favorites.domain.view.CollectSummary: void setLogoUrl(java.lang.String)>
<com.favorites.domain.view.CollectSummary: void setRemark(java.lang.String)>
<com.favorites.domain.view.CollectSummary: void setUserName(java.lang.String)>
<com.favorites.domain.view.CollectSummary: void setCollectTime(java.lang.String)>
<com.favorites.domain.view.CollectSummary: void setPraiseCount(java.lang.Long)>
<com.favorites.domain.view.CollectSummary: void setCommentCount(java.lang.Long)>
<com.favorites.domain.view.CollectSummary: void setPraise(boolean)>
<com.favorites.service.impl.LookAroundServiceImpl: java.util.List queryFiveUser(java.lang.Long)>
<com.favorites.service.impl.LookAroundServiceImpl: java.util.List queryCollectExplore(org.springframework.data.domain.Pageable,java.lang.Long,java.lang.String)>
<com.favorites.service.impl.LookAroundServiceImpl: java.util.List convert(java.util.List)>
<com.favorites.domain.Favorites: void setPublicCount(java.lang.Long)>
<com.favorites.domain.Favorites: void setId(java.lang.Long)>
<com.favorites.domain.Favorites: void setUserId(java.lang.Long)>
<com.favorites.domain.Favorites: void setName(java.lang.String)>
<com.favorites.domain.Favorites: void setCount(java.lang.Long)>
<com.favorites.domain.Favorites: void setCreateTime(java.lang.Long)>
<com.favorites.domain.Favorites: void setLastModifyTime(java.lang.Long)>
<com.favorites.domain.enums.IsDelete: void <init>(java.lang.String,int)>
<com.favorites.domain.view.IndexCollectorView: void setMostCollectUser(com.favorites.domain.User)>
<com.favorites.domain.view.IndexCollectorView: void setMostFollowedUser(com.favorites.domain.User)>
<com.favorites.domain.view.IndexCollectorView: void setMostPraisedUser(com.favorites.domain.User)>
<com.favorites.domain.view.IndexCollectorView: void setMostCommentedUser(com.favorites.domain.User)>
<com.favorites.domain.view.IndexCollectorView: void setMostPopularUser(com.favorites.domain.User)>
<com.favorites.domain.view.IndexCollectorView: void setMostActiveUser(com.favorites.domain.User)>
<com.favorites.utils.StringUtil: java.util.List getAtUser(java.lang.String)>
<com.favorites.domain.enums.FollowStatus: void <init>(java.lang.String,int)>
<com.favorites.domain.Feedback: void setId(java.lang.Long)>
<com.favorites.domain.Feedback: void setPhone(java.lang.String)>
<com.favorites.domain.Feedback: void setCreateTime(java.lang.Long)>
<com.favorites.domain.Feedback: void setLastModifyTime(java.lang.Long)>
<com.favorites.domain.Feedback: void setUserId(java.lang.Long)>
<com.favorites.domain.Feedback: void setFeedbackAdvice(java.lang.String)>
<com.favorites.domain.Feedback: void setFeedbackName(java.lang.String)>
<com.favorites.cache.CacheService: java.lang.String getMap(java.lang.String)>
<com.favorites.cache.CacheService: void addMaps(java.lang.String)>
<com.favorites.domain.Notice: void setId(java.lang.Long)>
<com.favorites.domain.Notice: void setUserId(java.lang.Long)>
<com.favorites.domain.Notice: void setCollectId(java.lang.String)>
<com.favorites.domain.Notice: void setType(java.lang.String)>
<com.favorites.domain.Notice: void setOperId(java.lang.String)>
<com.favorites.domain.Notice: void setReaded(java.lang.String)>
<com.favorites.domain.Notice: void setCreateTime(java.lang.Long)>
<com.favorites.domain.Follow: void setId(java.lang.Long)>
<com.favorites.domain.Follow: void setUserId(java.lang.Long)>
<com.favorites.domain.Follow: void setFollowId(java.lang.Long)>
<com.favorites.domain.Follow: void setCreateTime(java.lang.Long)>
<com.favorites.domain.Follow: void setStatus(com.favorites.domain.enums.FollowStatus)>
<com.favorites.domain.Follow: void setLastModifyTime(java.lang.Long)>
<com.favorites.domain.Follow: void setName(java.lang.String)>
<com.favorites.web.BaseController: com.favorites.domain.result.Response result(com.favorites.domain.result.ExceptionMsg)>
<com.favorites.web.BaseController: java.lang.String getPwd(java.lang.String)>
<com.favorites.web.BaseController: java.lang.String cookieSign(java.lang.String)>
<com.favorites.domain.enums.CollectType: void <init>(java.lang.String,int)>
<com.favorites.repository.BaseNativeSqlRepository: java.util.List sqlArrayList(java.lang.String)>
<com.favorites.repository.BaseNativeSqlRepository: java.util.List sqlObjectList(java.lang.String,java.lang.Object)>
<com.favorites.domain.Praise: void setId(java.lang.Long)>
<com.favorites.domain.Praise: void setCollectId(java.lang.Long)>
<com.favorites.domain.Praise: void setUserId(java.lang.Long)>
<com.favorites.domain.Praise: void setCreateTime(java.lang.Long)>
<com.favorites.utils.URLUtil: java.lang.String getDomainUrl(java.lang.String)>
<com.favorites.utils.Des3EncryptionUtil: java.lang.String encode(java.lang.String,java.lang.String)>
<com.favorites.utils.Des3EncryptionUtil: java.lang.String decode(java.lang.String,java.lang.String)>
<com.favorites.domain.UserIsFollow: void setId(java.lang.Long)>
<com.favorites.domain.UserIsFollow: void setUserName(java.lang.String)>
<com.favorites.domain.UserIsFollow: void setProfilePicture(java.lang.String)>
<com.favorites.domain.UserIsFollow: void setIsFollow(java.lang.String)>
<com.favorites.domain.result.ExceptionMsg: void <init>(java.lang.String,int,java.lang.String,java.lang.String)>
<com.favorites.domain.Collect: void setId(java.lang.Long)>
<com.favorites.domain.Collect: void setUserId(java.lang.Long)>
<com.favorites.domain.Collect: void setFavoritesId(java.lang.Long)>
<com.favorites.domain.Collect: void setUrl(java.lang.String)>
<com.favorites.domain.Collect: void setTitle(java.lang.String)>
<com.favorites.domain.Collect: void setDescription(java.lang.String)>
<com.favorites.domain.Collect: void setLogoUrl(java.lang.String)>
<com.favorites.domain.Collect: void setCharset(java.lang.String)>
<com.favorites.domain.Collect: void setType(com.favorites.domain.enums.CollectType)>
<com.favorites.domain.Collect: void setRemark(java.lang.String)>
<com.favorites.domain.Collect: void setIsDelete(com.favorites.domain.enums.IsDelete)>
<com.favorites.domain.Collect: void setCreateTime(java.lang.Long)>
<com.favorites.domain.Collect: void setLastModifyTime(java.lang.Long)>
<com.favorites.domain.Collect: void setCollectTime(java.lang.String)>
<com.favorites.domain.Collect: void setNewFavorites(java.lang.String)>
<com.favorites.domain.Collect: void setCategory(java.lang.String)>
<com.favorites.domain.User: void <init>(java.lang.String,java.lang.String,java.lang.String,java.lang.String)>
<com.favorites.domain.User: void setId(java.lang.Long)>
<com.favorites.domain.User: void setUserName(java.lang.String)>
<com.favorites.domain.User: void setPassWord(java.lang.String)>
<com.favorites.domain.User: void setEmail(java.lang.String)>
<com.favorites.domain.User: void setIntroduction(java.lang.String)>
<com.favorites.domain.User: void setCreateTime(java.lang.Long)>
<com.favorites.domain.User: void setLastModifyTime(java.lang.Long)>
<com.favorites.domain.User: void setProfilePicture(java.lang.String)>
<com.favorites.domain.User: void setOutDate(java.lang.String)>
<com.favorites.domain.User: void setValidataCode(java.lang.String)>
<com.favorites.domain.User: void setBackgroundPicture(java.lang.String)>
<com.favorites.domain.LookRecord: void setId(java.lang.Long)>
<com.favorites.domain.LookRecord: void setUserId(java.lang.Long)>
<com.favorites.domain.LookRecord: void setCollectId(java.lang.Long)>
<com.favorites.domain.LookRecord: void setCreateTime(java.lang.Long)>
<com.favorites.domain.LookRecord: void setLastModifyTime(java.lang.Long)>
<com.favorites.utils.DateUtils: long getCurrentTime()>
<com.favorites.utils.DateUtils: long getLastMonthTime()>
<com.favorites.utils.Base64: void <clinit>()>
<com.favorites.repository.impl.CollectorRepositoryImpl: void <init>()>
<com.favorites.repository.impl.CollectorRepositoryImpl: java.lang.Long getMostCollectUser()>
<com.favorites.service.impl.FavoritesServiceImpl: void <init>()>
<com.favorites.web.LookRecordController: void <init>()>
<com.favorites.web.CollectController: void <init>()>
<com.favorites.service.impl.CollectServiceImpl: void <init>()>
<com.favorites.WebConfiguration: void <init>()>
<com.favorites.comm.aop.LoggerAdvice: void <init>()>
<com.favorites.service.impl.ConfigServiceImpl: void <init>()>
<com.favorites.domain.Letter: void <init>()>
<com.favorites.domain.Letter: java.lang.String getSendType()>
<com.favorites.domain.Letter: java.lang.Long getId()>
<com.favorites.domain.Letter: java.lang.Long getSendUserId()>
<com.favorites.domain.Letter: java.lang.String getContent()>
<com.favorites.domain.Letter: java.lang.Long getReceiveUserId()>
<com.favorites.domain.Letter: java.lang.Long getPid()>
<com.favorites.domain.Letter: com.favorites.domain.enums.LetterType getType()>
<com.favorites.domain.Letter: java.lang.Long getCreateTime()>
<com.favorites.web.FavoritesController: void <init>()>
<com.favorites.web.HomeController: void <init>()>
<com.favorites.comm.exception.GlobalExceptionHandler: void <init>()>
<com.favorites.domain.Comment: void <init>()>
<com.favorites.domain.Comment: java.lang.Long getId()>
<com.favorites.domain.Comment: java.lang.Long getCollectId()>
<com.favorites.domain.Comment: java.lang.String getContent()>
<com.favorites.domain.Comment: java.lang.Long getUserId()>
<com.favorites.domain.Comment: java.lang.Long getReplyUserId()>
<com.favorites.domain.Comment: java.lang.Long getCreateTime()>
<com.favorites.domain.Comment: java.lang.String getCommentTime()>
<com.favorites.domain.Comment: java.lang.String getUserName()>
<com.favorites.domain.Comment: java.lang.String getReplyUserName()>
<com.favorites.domain.Comment: java.lang.String getProfilePicture()>
<com.favorites.domain.Config: void <init>()>
<com.favorites.domain.Config: java.lang.Long getId()>
<com.favorites.domain.Config: java.lang.Long getUserId()>
<com.favorites.domain.Config: java.lang.String getDefaultFavorties()>
<com.favorites.domain.Config: java.lang.String getDefaultCollectType()>
<com.favorites.domain.Config: java.lang.String getDefaultModel()>
<com.favorites.domain.Config: java.lang.Long getLastModifyTime()>
<com.favorites.domain.Config: java.lang.Long getCreateTime()>
<com.favorites.domain.Config: java.lang.String getCollectTypeName()>
<com.favorites.domain.Config: java.lang.String getModelName()>
<com.favorites.comm.filter.SecurityFilter: void <init>()>
<com.favorites.comm.filter.SecurityFilter: void destroy()>
<com.favorites.comm.filter.SecurityFilter: void <clinit>()>
<com.favorites.service.impl.LetterServiceImpl: void <init>()>
<com.favorites.service.impl.NoticeServiceImpl: void <init>()>
<com.favorites.domain.UrlLibrary: void <init>()>
<com.favorites.domain.UrlLibrary: int getCount()>
<com.favorites.domain.UrlLibrary: java.lang.Long getId()>
<com.favorites.domain.UrlLibrary: java.lang.String getUrl()>
<com.favorites.domain.UrlLibrary: java.lang.String getLogoUrl()>
<com.favorites.service.impl.FeedbackServiceImpl: void <init>()>
<com.favorites.service.impl.LookRecordServiceImpl: void <init>()>
<com.favorites.domain.result.Response: void <init>()>
<com.favorites.web.IndexController: void <init>()>
<com.favorites.web.CommentController: void <init>()>
<com.favorites.utils.HtmlUtil: void <clinit>()>
<com.favorites.domain.view.CollectorView: void <init>()>
<com.favorites.domain.view.CollectorView: java.lang.Long getId()>
<com.favorites.domain.view.CollectorView: java.lang.Long getUserId()>
<com.favorites.domain.view.CollectorView: java.lang.Long getCounts()>
<com.favorites.comm.aop.LoggerManage: java.lang.String description()>
<com.favorites.domain.view.CollectSummary: void <init>()>
<com.favorites.service.impl.LookAroundServiceImpl: void <init>()>
<com.favorites.service.impl.LookAroundServiceImpl: java.util.List scrollFiveCollect()>
<com.favorites.domain.Favorites: void <init>()>
<com.favorites.domain.Favorites: java.lang.Long getPublicCount()>
<com.favorites.domain.Favorites: java.lang.Long getId()>
<com.favorites.domain.Favorites: java.lang.Long getUserId()>
<com.favorites.domain.Favorites: java.lang.String getName()>
<com.favorites.domain.Favorites: java.lang.Long getCount()>
<com.favorites.domain.Favorites: java.lang.Long getCreateTime()>
<com.favorites.domain.Favorites: java.lang.Long getLastModifyTime()>
<com.favorites.domain.Favorites: java.lang.String toString()>
<com.favorites.domain.enums.IsDelete: void <clinit>()>
<com.favorites.domain.view.IndexCollectorView: void <init>()>
<com.favorites.web.FollowController: void <init>()>
<com.favorites.comm.Const: void <init>()>
<com.favorites.comm.Const: void <clinit>()>
<com.favorites.domain.enums.FollowStatus: void <clinit>()>
<com.favorites.domain.Feedback: void <init>()>
<com.favorites.domain.Feedback: java.lang.Long getId()>
<com.favorites.domain.Feedback: java.lang.String getPhone()>
<com.favorites.domain.Feedback: java.lang.Long getCreateTime()>
<com.favorites.domain.Feedback: java.lang.Long getLastModifyTime()>
<com.favorites.domain.Feedback: java.lang.Long getUserId()>
<com.favorites.domain.Feedback: java.lang.String getFeedbackAdvice()>
<com.favorites.domain.Feedback: java.lang.String getFeedbackName()>
<com.favorites.cache.CacheService: void <init>()>
<com.favorites.domain.Notice: void <init>()>
<com.favorites.domain.Notice: java.lang.Long getId()>
<com.favorites.domain.Notice: java.lang.Long getUserId()>
<com.favorites.domain.Notice: java.lang.String getCollectId()>
<com.favorites.domain.Notice: java.lang.String getType()>
<com.favorites.domain.Notice: java.lang.String getOperId()>
<com.favorites.domain.Notice: java.lang.String getReaded()>
<com.favorites.domain.Notice: java.lang.Long getCreateTime()>
<com.favorites.domain.Follow: void <init>()>
<com.favorites.domain.Follow: java.lang.Long getId()>
<com.favorites.domain.Follow: java.lang.Long getUserId()>
<com.favorites.domain.Follow: java.lang.Long getFollowId()>
<com.favorites.domain.Follow: java.lang.Long getCreateTime()>
<com.favorites.domain.Follow: com.favorites.domain.enums.FollowStatus getStatus()>
<com.favorites.domain.Follow: java.lang.Long getLastModifyTime()>
<com.favorites.domain.Follow: java.lang.String getName()>
<com.favorites.web.BaseController: void <init>()>
<com.favorites.web.BaseController: com.favorites.domain.result.Response result()>
<com.favorites.web.BaseController: javax.servlet.http.HttpServletRequest getRequest()>
<com.favorites.web.BaseController: javax.servlet.http.HttpSession getSession()>
<com.favorites.web.BaseController: com.favorites.domain.User getUser()>
<com.favorites.web.BaseController: long getUserId()>
<com.favorites.web.BaseController: java.lang.String getUserName()>
<com.favorites.web.BaseController: java.lang.String getUserIp()>
<com.favorites.service.impl.CollectorServiceImpl: void <init>()>
<com.favorites.service.impl.CollectorServiceImpl: com.favorites.domain.view.IndexCollectorView getCollectors()>
<com.favorites.domain.enums.CollectType: void <clinit>()>
<com.favorites.repository.BaseNativeSqlRepository: void <init>()>
<com.favorites.domain.Praise: void <init>()>
<com.favorites.domain.Praise: java.lang.Long getId()>
<com.favorites.domain.Praise: java.lang.Long getCollectId()>
<com.favorites.domain.Praise: java.lang.Long getUserId()>
<com.favorites.domain.Praise: java.lang.Long getCreateTime()>
<com.favorites.utils.URLUtil: void <clinit>()>
<com.favorites.web.NoticeController: void <init>()>
<com.favorites.schedule.ScheduledTasks: void <init>()>
<com.favorites.domain.Entitys: void <init>()>
<com.favorites.web.FeedbackController: void <init>()>
<com.favorites.domain.UserIsFollow: void <init>()>
<com.favorites.domain.UserIsFollow: java.lang.Long getId()>
<com.favorites.domain.UserIsFollow: java.lang.String getUserName()>
<com.favorites.domain.UserIsFollow: java.lang.String getProfilePicture()>
<com.favorites.domain.UserIsFollow: java.lang.String getIsFollow()>
<com.favorites.web.WebJarController: void <init>()>
<com.favorites.domain.result.ExceptionMsg: java.lang.String getCode()>
<com.favorites.domain.result.ExceptionMsg: java.lang.String getMsg()>
<com.favorites.domain.result.ExceptionMsg: void <clinit>()>
<com.favorites.domain.Collect: void <init>()>
<com.favorites.domain.Collect: java.lang.Long getId()>
<com.favorites.domain.Collect: long getUserId()>
<com.favorites.domain.Collect: java.lang.Long getFavoritesId()>
<com.favorites.domain.Collect: java.lang.String getUrl()>
<com.favorites.domain.Collect: java.lang.String getTitle()>
<com.favorites.domain.Collect: java.lang.String getDescription()>
<com.favorites.domain.Collect: java.lang.String getLogoUrl()>
<com.favorites.domain.Collect: java.lang.String getCharset()>
<com.favorites.domain.Collect: com.favorites.domain.enums.CollectType getType()>
<com.favorites.domain.Collect: java.lang.String getRemark()>
<com.favorites.domain.Collect: com.favorites.domain.enums.IsDelete getIsDelete()>
<com.favorites.domain.Collect: java.lang.Long getCreateTime()>
<com.favorites.domain.Collect: java.lang.Long getLastModifyTime()>
<com.favorites.domain.Collect: java.lang.String getCollectTime()>
<com.favorites.domain.Collect: java.lang.String getNewFavorites()>
<com.favorites.domain.Collect: java.lang.String getCategory()>
<com.favorites.web.UserController: void <init>()>
<com.favorites.web.LetterController: void <init>()>
<com.favorites.domain.User: void <init>()>
<com.favorites.domain.User: java.lang.Long getId()>
<com.favorites.domain.User: java.lang.String getUserName()>
<com.favorites.domain.User: java.lang.String getPassWord()>
<com.favorites.domain.User: java.lang.String getEmail()>
<com.favorites.domain.User: java.lang.String getIntroduction()>
<com.favorites.domain.User: java.lang.Long getCreateTime()>
<com.favorites.domain.User: java.lang.Long getLastModifyTime()>
<com.favorites.domain.User: java.lang.String getProfilePicture()>
<com.favorites.domain.User: java.lang.String getOutDate()>
<com.favorites.domain.User: java.lang.String getValidataCode()>
<com.favorites.domain.User: java.lang.String getBackgroundPicture()>
<com.favorites.domain.LookRecord: void <init>()>
<com.favorites.domain.LookRecord: java.lang.Long getId()>
<com.favorites.domain.LookRecord: java.lang.Long getUserId()>
<com.favorites.domain.LookRecord: java.lang.Long getCollectId()>
<com.favorites.domain.LookRecord: java.lang.Long getCreateTime()>
<com.favorites.domain.LookRecord: java.lang.Long getLastModifyTime()>
