<com.site.blog.my.core.interceptor.AdminLoginInterceptor: boolean preHandle(javax.servlet.http.HttpServletRequest,javax.servlet.http.HttpServletResponse,java.lang.Object)>
<com.site.blog.my.core.interceptor.AdminLoginInterceptor: void postHandle(javax.servlet.http.HttpServletRequest,javax.servlet.http.HttpServletResponse,java.lang.Object,org.springframework.web.servlet.ModelAndView)>
<com.site.blog.my.core.interceptor.AdminLoginInterceptor: void afterCompletion(javax.servlet.http.HttpServletRequest,javax.servlet.http.HttpServletResponse,java.lang.Object,java.lang.Exception)>
<com.site.blog.my.core.controller.common.CommonController: void defaultKaptcha(javax.servlet.http.HttpServletRequest,javax.servlet.http.HttpServletResponse)>
<com.site.blog.my.core.controller.admin.BlogController: void uploadFileByEditormd(javax.servlet.http.HttpServletRequest,javax.servlet.http.HttpServletResponse,org.springframework.web.multipart.MultipartFile)>
<com.site.blog.my.core.controller.admin.UploadController: com.site.blog.my.core.util.Result upload(javax.servlet.http.HttpServletRequest,org.springframework.web.multipart.MultipartFile)>
<com.site.blog.my.core.controller.common.ErrorPageController: org.springframework.web.servlet.ModelAndView errorHtml(javax.servlet.http.HttpServletRequest)>
<com.site.blog.my.core.controller.common.ErrorPageController: org.springframework.http.ResponseEntity error(javax.servlet.http.HttpServletRequest)>
<com.site.blog.my.core.controller.blog.MyBlogController: java.lang.String index(javax.servlet.http.HttpServletRequest)>
<com.site.blog.my.core.controller.blog.MyBlogController: java.lang.String page(javax.servlet.http.HttpServletRequest,int)>
<com.site.blog.my.core.controller.blog.MyBlogController: java.lang.String categories(javax.servlet.http.HttpServletRequest)>
<com.site.blog.my.core.controller.blog.MyBlogController: java.lang.String detail(javax.servlet.http.HttpServletRequest,java.lang.Long,java.lang.Integer)>
<com.site.blog.my.core.controller.blog.MyBlogController: java.lang.String tag(javax.servlet.http.HttpServletRequest,java.lang.String)>
<com.site.blog.my.core.controller.blog.MyBlogController: java.lang.String tag(javax.servlet.http.HttpServletRequest,java.lang.String,java.lang.Integer)>
<com.site.blog.my.core.controller.blog.MyBlogController: java.lang.String category(javax.servlet.http.HttpServletRequest,java.lang.String)>
<com.site.blog.my.core.controller.blog.MyBlogController: java.lang.String category(javax.servlet.http.HttpServletRequest,java.lang.String,java.lang.Integer)>
<com.site.blog.my.core.controller.blog.MyBlogController: java.lang.String search(javax.servlet.http.HttpServletRequest,java.lang.String)>
<com.site.blog.my.core.controller.blog.MyBlogController: java.lang.String search(javax.servlet.http.HttpServletRequest,java.lang.String,java.lang.Integer)>
<com.site.blog.my.core.controller.blog.MyBlogController: java.lang.String link(javax.servlet.http.HttpServletRequest)>
<com.site.blog.my.core.controller.blog.MyBlogController: com.site.blog.my.core.util.Result comment(javax.servlet.http.HttpServletRequest,javax.servlet.http.HttpSession,java.lang.Long,java.lang.String,java.lang.String,java.lang.String,java.lang.String,java.lang.String)>
<com.site.blog.my.core.controller.blog.MyBlogController: java.lang.String detail(javax.servlet.http.HttpServletRequest,java.lang.String)>
<com.site.blog.my.core.controller.admin.ConfigurationController: java.lang.String list(javax.servlet.http.HttpServletRequest)>
<com.site.blog.my.core.controller.admin.ConfigurationController: com.site.blog.my.core.util.Result website(java.lang.String,java.lang.String,java.lang.String,java.lang.String)>
<com.site.blog.my.core.controller.admin.ConfigurationController: com.site.blog.my.core.util.Result userInfo(java.lang.String,java.lang.String,java.lang.String)>
<com.site.blog.my.core.controller.admin.ConfigurationController: com.site.blog.my.core.util.Result footer(java.lang.String,java.lang.String,java.lang.String,java.lang.String,java.lang.String)>
<com.site.blog.my.core.controller.admin.CommentController: com.site.blog.my.core.util.Result list(java.util.Map)>
<com.site.blog.my.core.controller.admin.CommentController: com.site.blog.my.core.util.Result checkDone(java.lang.Integer[])>
<com.site.blog.my.core.controller.admin.CommentController: com.site.blog.my.core.util.Result checkDone(java.lang.Long,java.lang.String)>
<com.site.blog.my.core.controller.admin.CommentController: com.site.blog.my.core.util.Result delete(java.lang.Integer[])>
<com.site.blog.my.core.controller.admin.CommentController: java.lang.String list(javax.servlet.http.HttpServletRequest)>
<com.site.blog.my.core.controller.admin.LinkController: java.lang.String linkPage(javax.servlet.http.HttpServletRequest)>
<com.site.blog.my.core.controller.admin.LinkController: com.site.blog.my.core.util.Result list(java.util.Map)>
<com.site.blog.my.core.controller.admin.LinkController: com.site.blog.my.core.util.Result save(java.lang.Integer,java.lang.String,java.lang.String,java.lang.Integer,java.lang.String)>
<com.site.blog.my.core.controller.admin.LinkController: com.site.blog.my.core.util.Result info(java.lang.Integer)>
<com.site.blog.my.core.controller.admin.LinkController: com.site.blog.my.core.util.Result update(java.lang.Integer,java.lang.Integer,java.lang.String,java.lang.String,java.lang.Integer,java.lang.String)>
<com.site.blog.my.core.controller.admin.LinkController: com.site.blog.my.core.util.Result delete(java.lang.Integer[])>
<com.site.blog.my.core.controller.admin.CategoryController: java.lang.String categoryPage(javax.servlet.http.HttpServletRequest)>
<com.site.blog.my.core.controller.admin.CategoryController: com.site.blog.my.core.util.Result list(java.util.Map)>
<com.site.blog.my.core.controller.admin.CategoryController: com.site.blog.my.core.util.Result save(java.lang.String,java.lang.String)>
<com.site.blog.my.core.controller.admin.CategoryController: com.site.blog.my.core.util.Result update(java.lang.Integer,java.lang.String,java.lang.String)>
<com.site.blog.my.core.controller.admin.CategoryController: com.site.blog.my.core.util.Result delete(java.lang.Integer[])>
<com.site.blog.my.core.controller.admin.TagController: java.lang.String tagPage(javax.servlet.http.HttpServletRequest)>
<com.site.blog.my.core.controller.admin.TagController: com.site.blog.my.core.util.Result list(java.util.Map)>
<com.site.blog.my.core.controller.admin.TagController: com.site.blog.my.core.util.Result save(java.lang.String)>
<com.site.blog.my.core.controller.admin.TagController: com.site.blog.my.core.util.Result delete(java.lang.Integer[])>
<com.site.blog.my.core.controller.admin.BlogController: com.site.blog.my.core.util.Result list(java.util.Map)>
<com.site.blog.my.core.controller.admin.BlogController: java.lang.String list(javax.servlet.http.HttpServletRequest)>
<com.site.blog.my.core.controller.admin.BlogController: java.lang.String edit(javax.servlet.http.HttpServletRequest)>
<com.site.blog.my.core.controller.admin.BlogController: java.lang.String edit(javax.servlet.http.HttpServletRequest,java.lang.Long)>
<com.site.blog.my.core.controller.admin.BlogController: com.site.blog.my.core.util.Result save(java.lang.String,java.lang.String,java.lang.Integer,java.lang.String,java.lang.String,java.lang.String,java.lang.Byte,java.lang.Byte)>
<com.site.blog.my.core.controller.admin.BlogController: com.site.blog.my.core.util.Result update(java.lang.Long,java.lang.String,java.lang.String,java.lang.Integer,java.lang.String,java.lang.String,java.lang.String,java.lang.Byte,java.lang.Byte)>
<com.site.blog.my.core.controller.admin.BlogController: com.site.blog.my.core.util.Result delete(java.lang.Integer[])>
<com.site.blog.my.core.controller.admin.AdminController: java.lang.String login()>
<com.site.blog.my.core.controller.admin.AdminController: java.lang.String index(javax.servlet.http.HttpServletRequest)>
<com.site.blog.my.core.controller.admin.AdminController: java.lang.String login(java.lang.String,java.lang.String,java.lang.String,javax.servlet.http.HttpSession)>
<com.site.blog.my.core.controller.admin.AdminController: java.lang.String profile(javax.servlet.http.HttpServletRequest)>
<com.site.blog.my.core.controller.admin.AdminController: java.lang.String passwordUpdate(javax.servlet.http.HttpServletRequest,java.lang.String,java.lang.String)>
<com.site.blog.my.core.controller.admin.AdminController: java.lang.String nameUpdate(javax.servlet.http.HttpServletRequest,java.lang.String,java.lang.String)>
<com.site.blog.my.core.controller.admin.AdminController: java.lang.String logout(javax.servlet.http.HttpServletRequest)>
<com.site.blog.my.core.controller.common.ErrorPageController: void <init>(org.springframework.boot.web.servlet.error.ErrorAttributes)>
<com.site.blog.my.core.controller.common.ErrorPageController: boolean getTraceParameter(javax.servlet.http.HttpServletRequest)>
<com.site.blog.my.core.controller.common.ErrorPageController: java.util.Map getErrorAttributes(javax.servlet.http.HttpServletRequest,boolean)>
<com.site.blog.my.core.controller.common.ErrorPageController: org.springframework.http.HttpStatus getStatus(javax.servlet.http.HttpServletRequest)>
<com.site.blog.my.core.util.ResultGenerator: com.site.blog.my.core.util.Result genSuccessResult(java.lang.String)>
<com.site.blog.my.core.util.ResultGenerator: com.site.blog.my.core.util.Result genSuccessResult(java.lang.Object)>
<com.site.blog.my.core.util.ResultGenerator: com.site.blog.my.core.util.Result genFailResult(java.lang.String)>
<com.site.blog.my.core.util.PatternUtil: boolean isEmail(java.lang.String)>
<com.site.blog.my.core.util.PatternUtil: boolean isURL(java.lang.String)>
<com.site.blog.my.core.entity.Blog: void setBlogId(java.lang.Long)>
<com.site.blog.my.core.entity.Blog: void setBlogTitle(java.lang.String)>
<com.site.blog.my.core.entity.Blog: void setBlogSubUrl(java.lang.String)>
<com.site.blog.my.core.entity.Blog: void setBlogCoverImage(java.lang.String)>
<com.site.blog.my.core.entity.Blog: void setBlogCategoryId(java.lang.Integer)>
<com.site.blog.my.core.entity.Blog: void setBlogTags(java.lang.String)>
<com.site.blog.my.core.entity.Blog: void setBlogStatus(java.lang.Byte)>
<com.site.blog.my.core.entity.Blog: void setEnableComment(java.lang.Byte)>
<com.site.blog.my.core.entity.Blog: void setBlogContent(java.lang.String)>
<com.site.blog.my.core.util.Result: void setResultCode(int)>
<com.site.blog.my.core.util.Result: void setMessage(java.lang.String)>
<com.site.blog.my.core.util.Result: void setData(java.lang.Object)>
<com.site.blog.my.core.entity.BlogComment: void setBlogId(java.lang.Long)>
<com.site.blog.my.core.entity.BlogComment: void setCommentator(java.lang.String)>
<com.site.blog.my.core.entity.BlogComment: void setEmail(java.lang.String)>
<com.site.blog.my.core.entity.BlogComment: void setWebsiteUrl(java.lang.String)>
<com.site.blog.my.core.entity.BlogComment: void setCommentBody(java.lang.String)>
<com.site.blog.my.core.util.PageQueryUtil: void <init>(java.util.Map)>
<com.site.blog.my.core.entity.BlogLink: void setLinkType(java.lang.Byte)>
<com.site.blog.my.core.entity.BlogLink: void setLinkName(java.lang.String)>
<com.site.blog.my.core.entity.BlogLink: void setLinkUrl(java.lang.String)>
<com.site.blog.my.core.entity.BlogLink: void setLinkDescription(java.lang.String)>
<com.site.blog.my.core.entity.BlogLink: void setLinkRank(java.lang.Integer)>
<com.site.blog.my.core.config.MyBlogWebMvcConfigurer: void addInterceptors(org.springframework.web.servlet.config.annotation.InterceptorRegistry)>
<com.site.blog.my.core.config.MyBlogWebMvcConfigurer: void addResourceHandlers(org.springframework.web.servlet.config.annotation.ResourceHandlerRegistry)>
<com.site.blog.my.core.util.MyBlogUtils: java.net.URI getHost(java.net.URI)>
<com.site.blog.my.core.util.MyBlogUtils: java.lang.String cleanString(java.lang.String)>
<com.site.blog.my.core.controller.common.ErrorPageController: void <init>()>
<com.site.blog.my.core.controller.common.ErrorPageController: java.lang.String getErrorPath()>
<com.site.blog.my.core.util.ResultGenerator: com.site.blog.my.core.util.Result genSuccessResult()>
<com.site.blog.my.core.entity.AdminUser: void <init>()>
<com.site.blog.my.core.service.impl.CommentServiceImpl: void <init>()>
<com.site.blog.my.core.controller.blog.MyBlogController: void <init>()>
<com.site.blog.my.core.controller.blog.MyBlogController: void <clinit>()>
<com.site.blog.my.core.entity.BlogTag: void <init>()>
<com.site.blog.my.core.util.PatternUtil: void <clinit>()>
<com.site.blog.my.core.controller.admin.ConfigurationController: void <init>()>
<com.site.blog.my.core.entity.BlogTagCount: void <init>()>
<com.site.blog.my.core.entity.Blog: void <init>()>
<com.site.blog.my.core.service.impl.LinkServiceImpl: void <init>()>
<com.site.blog.my.core.interceptor.AdminLoginInterceptor: void <init>()>
<com.site.blog.my.core.controller.common.KaptchaConfig: void <init>()>
<com.site.blog.my.core.controller.admin.CommentController: void <init>()>
<com.site.blog.my.core.controller.common.CommonController: void <init>()>
<com.site.blog.my.core.service.impl.BlogServiceImpl: void <init>()>
<com.site.blog.my.core.util.Result: void <init>()>
<com.site.blog.my.core.entity.BlogComment: void <init>()>
<com.site.blog.my.core.service.impl.CategoryServiceImpl: void <init>()>
<com.site.blog.my.core.controller.admin.LinkController: void <init>()>
<com.site.blog.my.core.service.impl.TagServiceImpl: void <init>()>
<com.site.blog.my.core.controller.admin.CategoryController: void <init>()>
<com.site.blog.my.core.entity.BlogLink: void <init>()>
<com.site.blog.my.core.entity.BlogTagRelation: void <init>()>
<com.site.blog.my.core.service.impl.AdminUserServiceImpl: void <init>()>
<com.site.blog.my.core.entity.BlogCategory: void <init>()>
<com.site.blog.my.core.entity.BlogConfig: void <init>()>
<com.site.blog.my.core.controller.admin.TagController: void <init>()>
<com.site.blog.my.core.controller.admin.BlogController: void <init>()>
<com.site.blog.my.core.controller.admin.UploadController: void <init>()>
<com.site.blog.my.core.config.MyBlogWebMvcConfigurer: void <init>()>
<com.site.blog.my.core.service.impl.ConfigServiceImpl: void <init>()>
<com.site.blog.my.core.controller.admin.AdminController: void <init>()>
